Source File,Action,Destination File,Note
D:\Takeout\Takeout\Google 相簿\100年度自強活動\澎湖 20110608-17.JPG,SKIP (Dest Dupe),-,Target exists
D:\Takeout\Takeout\Google 相簿\100年度自強活動\澎湖 20110608-2.JPG,SKIP (Dest Dupe),-,Target exists
D:\Takeout\Takeout\Google 相簿\100年度自強活動\澎湖 20110608-16.JPG,SKIP (Dest Dupe),-,Target exists
D:\Takeout\Takeout\Google 相簿\100年度自強活動\澎湖 20110608-19.JPG,SKIP (Dest Dupe),-,Target exists
D:\Takeout\Takeout\Google 相簿\100年度自強活動\澎湖 20110608-22.JPG,SKIP (Dest Dupe),-,Target exists
D:\Takeout\Takeout\Google 相簿\100年度自強活動\澎湖 20110608-24.JPG,SKIP (Dest Dupe),-,Target exists
D:\Takeout\Takeout\Google 相簿\100年度自強活動\澎湖 20110608-18.JPG,SKIP (Dest Dupe),-,Target exists
D:\Takeout\Takeout\Google 相簿\100年度自強活動\澎湖 20110608-20.JPG,SKIP (Dest Dupe),-,Target exists
D:\Takeout\Takeout\Google 相簿\100年度自強活動\澎湖 20110608-13.JPG,SKIP (Dest Dupe),-,Target exists
D:\Takeout\Takeout\Google 相簿\100年度自強活動\澎湖 20110608-14.JPG,SKIP (Dest Dupe),-,Target exists
D:\Takeout\Takeout\Google 相簿\100年度自強活動\澎湖 20110608-25.JPG,SKIP (Dest Dupe),-,Target exists
D:\Takeout\Takeout\Google 相簿\100年度自強活動\澎湖 20110608-26.JPG,SKIP (Dest Dupe),-,Target exists
D:\Takeout\Takeout\Google 相簿\100年度自強活動\澎湖 20110608-23.JPG,SKIP (Dest Dupe),-,Target exists
D:\Takeout\Takeout\Google 相簿\100年度自強活動\澎湖 20110608-3.JPG,SKIP (Dest Dupe),-,Target exists
D:\Takeout\Takeout\Google 相簿\100年度自強活動\澎湖 20110608-15.JPG,SKIP (Dest Dupe),-,Target exists
D:\Takeout\Takeout\Google 相簿\100年度自強活動\澎湖 20110608-30.JPG,SKIP (Dest Dupe),-,Target exists
D:\Takeout\Takeout\Google 相簿\100年度自強活動\澎湖 20110608-12.JPG,SKIP (Dest Dupe),-,Target exists
D:\Takeout\Takeout\Google 相簿\100年度自強活動\澎湖 20110608-27.JPG,SKIP (Dest Dupe),-,Target exists
D:\Takeout\Takeout\Google 相簿\100年度自強活動\澎湖 20110608-39.JPG,SKIP (Dest Dupe),-,Target exists
D:\Takeout\Takeout\Google 相簿\100年度自強活動\澎湖 20110608-37.JPG,SKIP (Dest Dupe),-,Target exists
D:\Takeout\Takeout\Google 相簿\100年度自強活動\澎湖 20110608-32.JPG,SKIP (Dest Dupe),-,Target exists
D:\Takeout\Takeout\Google 相簿\100年度自強活動\澎湖 20110608-4.JPG,SKIP (Dest Dupe),-,Target exists
D:\Takeout\Takeout\Google 相簿\100年度自強活動\澎湖 20110608-35.JPG,SKIP (Dest Dupe),-,Target exists
D:\Takeout\Takeout\Google 相簿\100年度自強活動\澎湖 20110608-10.JPG,SKIP (Dest Dupe),-,Target exists
D:\Takeout\Takeout\Google 相簿\100年度自強活動\澎湖 20110608-43.JPG,SKIP (Dest Dupe),-,Target exists
D:\Takeout\Takeout\Google 相簿\100年度自強活動\澎湖 20110608-40.JPG,SKIP (Dest Dupe),-,Target exists
D:\Takeout\Takeout\Google 相簿\100年度自強活動\澎湖 20110608-45.JPG,SKIP (Dest Dupe),-,Target exists
D:\Takeout\Takeout\Google 相簿\100年度自強活動\澎湖 20110608-50.JPG,SKIP (Dest Dupe),-,Target exists
D:\Takeout\Takeout\Google 相簿\100年度自強活動\澎湖 20110608-52.JPG,SKIP (Dest Dupe),-,Target exists
D:\Takeout\Takeout\Google 相簿\100年度自強活動\澎湖 20110608-48.JPG,SKIP (Dest Dupe),-,Target exists
D:\Takeout\Takeout\Google 相簿\100年度自強活動\澎湖 20110608-51.JPG,SKIP (Dest Dupe),-,Target exists
D:\Takeout\Takeout\Google 相簿\100年度自強活動\澎湖 20110608-47.JPG,SKIP (Dest Dupe),-,Target exists
D:\Takeout\Takeout\Google 相簿\100年度自強活動\澎湖 20110608-36.JPG,SKIP (Dest Dupe),-,Target exists
D:\Takeout\Takeout\Google 相簿\100年度自強活動\澎湖 20110608-54.JPG,SKIP (Dest Dupe),-,Target exists
D:\Takeout\Takeout\Google 相簿\100年度自強活動\澎湖 20110608-44.JPG,SKIP (Dest Dupe),-,Target exists
D:\Takeout\Takeout\Google 相簿\100年度自強活動\澎湖 20110608-46.JPG,SKIP (Dest Dupe),-,Target exists
D:\Takeout\Takeout\Google 相簿\100年度自強活動\澎湖 20110608-33.JPG,SKIP (Dest Dupe),-,Target exists
D:\Takeout\Takeout\Google 相簿\100年度自強活動\澎湖 20110608-60.JPG,SKIP (Dest Dupe),-,Target exists
D:\Takeout\Takeout\Google 相簿\100年度自強活動\澎湖 20110608-57.JPG,SKIP (Dest Dupe),-,Target exists
D:\Takeout\Takeout\Google 相簿\100年度自強活動\澎湖 20110608-58.JPG,SKIP (Dest Dupe),-,Target exists
D:\Takeout\Takeout\Google 相簿\100年度自強活動\澎湖 20110608-64.JPG,SKIP (Dest Dupe),-,Target exists
D:\Takeout\Takeout\Google 相簿\100年度自強活動\澎湖 20110608-62.JPG,SKIP (Dest Dupe),-,Target exists
D:\Takeout\Takeout\Google 相簿\100年度自強活動\澎湖 20110608-63.JPG,SKIP (Dest Dupe),-,Target exists
D:\Takeout\Takeout\Google 相簿\100年度自強活動\澎湖 20110608-56.JPG,SKIP (Dest Dupe),-,Target exists
D:\Takeout\Takeout\Google 相簿\100年度自強活動\澎湖 20110608-55.JPG,SKIP (Dest Dupe),-,Target exists
D:\Takeout\Takeout\Google 相簿\100年度自強活動\澎湖 20110608-67.JPG,SKIP (Dest Dupe),-,Target exists
D:\Takeout\Takeout\Google 相簿\100年度自強活動\澎湖 20110608-70.JPG,SKIP (Dest Dupe),-,Target exists
D:\Takeout\Takeout\Google 相簿\100年度自強活動\澎湖 20110608-66.JPG,SKIP (Dest Dupe),-,Target exists
D:\Takeout\Takeout\Google 相簿\100年度自強活動\澎湖 20110608-69.JPG,SKIP (Dest Dupe),-,Target exists
D:\Takeout\Takeout\Google 相簿\100年度自強活動\澎湖 20110608-75.JPG,SKIP (Dest Dupe),-,Target exists
D:\Takeout\Takeout\Google 相簿\100年度自強活動\澎湖 20110608-7.JPG,SKIP (Dest Dupe),-,Target exists
D:\Takeout\Takeout\Google 相簿\100年度自強活動\澎湖 20110608-74.JPG,SKIP (Dest Dupe),-,Target exists
D:\Takeout\Takeout\Google 相簿\100年度自強活動\澎湖 20110608-9.JPG,SKIP (Dest Dupe),-,Target exists
D:\Takeout\Takeout\Google 相簿\100年度自強活動\澎湖 20110608-76.JPG,SKIP (Dest Dupe),-,Target exists
D:\Takeout\Takeout\Google 相簿\100年度自強活動\澎湖 20110608-8.JPG,SKIP (Dest Dupe),-,Target exists
D:\Takeout\Takeout\Google 相簿\100年度自強活動\澎湖 20110608-71.JPG,SKIP (Dest Dupe),-,Target exists
D:\Takeout\Takeout\Google 相簿\100年度自強活動\澎湖 20110608-77.JPG,SKIP (Dest Dupe),-,Target exists
D:\Takeout\Takeout\Google 相簿\100年度自強活動\澎湖 20110609-105.JPG,SKIP (Dest Dupe),-,Target exists
D:\Takeout\Takeout\Google 相簿\100年度自強活動\澎湖 20110609-108.JPG,SKIP (Dest Dupe),-,Target exists
D:\Takeout\Takeout\Google 相簿\100年度自強活動\澎湖 20110608-72.JPG,SKIP (Dest Dupe),-,Target exists
D:\Takeout\Takeout\Google 相簿\100年度自強活動\澎湖 20110609-107.JPG,SKIP (Dest Dupe),-,Target exists
D:\Takeout\Takeout\Google 相簿\100年度自強活動\澎湖 20110608-80.JPG,SKIP (Dest Dupe),-,Target exists
D:\Takeout\Takeout\Google 相簿\100年度自強活動\澎湖 20110609-101.JPG,SKIP (Dest Dupe),-,Target exists
D:\Takeout\Takeout\Google 相簿\100年度自強活動\澎湖 20110609-1.JPG,SKIP (Dest Dupe),-,Target exists
D:\Takeout\Takeout\Google 相簿\100年度自強活動\澎湖 20110609-115.JPG,SKIP (Dest Dupe),-,Target exists
D:\Takeout\Takeout\Google 相簿\100年度自強活動\澎湖 20110609-112.JPG,SKIP (Dest Dupe),-,Target exists
D:\Takeout\Takeout\Google 相簿\100年度自強活動\澎湖 20110608-79.JPG,SKIP (Dest Dupe),-,Target exists
D:\Takeout\Takeout\Google 相簿\100年度自強活動\澎湖 20110608-68.JPG,SKIP (Dest Dupe),-,Target exists
D:\Takeout\Takeout\Google 相簿\100年度自強活動\澎湖 20110609-118.JPG,SKIP (Dest Dupe),-,Target exists
D:\Takeout\Takeout\Google 相簿\100年度自強活動\澎湖 20110609-120.JPG,SKIP (Dest Dupe),-,Target exists
D:\Takeout\Takeout\Google 相簿\100年度自強活動\澎湖 20110609-124.JPG,SKIP (Dest Dupe),-,Target exists
D:\Takeout\Takeout\Google 相簿\100年度自強活動\澎湖 20110609-113.JPG,SKIP (Dest Dupe),-,Target exists
D:\Takeout\Takeout\Google 相簿\100年度自強活動\澎湖 20110609-111.JPG,SKIP (Dest Dupe),-,Target exists
D:\Takeout\Takeout\Google 相簿\100年度自強活動\澎湖 20110609-125.JPG,SKIP (Dest Dupe),-,Target exists
D:\Takeout\Takeout\Google 相簿\100年度自強活動\澎湖 20110609-126.JPG,SKIP (Dest Dupe),-,Target exists
D:\Takeout\Takeout\Google 相簿\100年度自強活動\澎湖 20110609-109.JPG,SKIP (Dest Dupe),-,Target exists
D:\Takeout\Takeout\Google 相簿\100年度自強活動\澎湖 20110609-130.JPG,SKIP (Dest Dupe),-,Target exists
D:\Takeout\Takeout\Google 相簿\100年度自強活動\澎湖 20110609-122.JPG,SKIP (Dest Dupe),-,Target exists
D:\Takeout\Takeout\Google 相簿\100年度自強活動\澎湖 20110609-134.JPG,SKIP (Dest Dupe),-,Target exists
D:\Takeout\Takeout\Google 相簿\100年度自強活動\澎湖 20110609-100.JPG,SKIP (Dest Dupe),-,Target exists
D:\Takeout\Takeout\Google 相簿\100年度自強活動\澎湖 20110609-135.JPG,SKIP (Dest Dupe),-,Target exists
D:\Takeout\Takeout\Google 相簿\100年度自強活動\澎湖 20110609-136.JPG,SKIP (Dest Dupe),-,Target exists
D:\Takeout\Takeout\Google 相簿\100年度自強活動\澎湖 20110609-117.JPG,SKIP (Dest Dupe),-,Target exists
D:\Takeout\Takeout\Google 相簿\100年度自強活動\澎湖 20110609-137.JPG,SKIP (Dest Dupe),-,Target exists
D:\Takeout\Takeout\Google 相簿\100年度自強活動\澎湖 20110609-132.JPG,SKIP (Dest Dupe),-,Target exists
D:\Takeout\Takeout\Google 相簿\100年度自強活動\澎湖 20110609-131.JPG,SKIP (Dest Dupe),-,Target exists
D:\Takeout\Takeout\Google 相簿\100年度自強活動\澎湖 20110609-127.JPG,SKIP (Dest Dupe),-,Target exists
D:\Takeout\Takeout\Google 相簿\100年度自強活動\澎湖 20110609-145.JPG,SKIP (Dest Dupe),-,Target exists
D:\Takeout\Takeout\Google 相簿\100年度自強活動\澎湖 20110609-141.JPG,SKIP (Dest Dupe),-,Target exists
D:\Takeout\Takeout\Google 相簿\100年度自強活動\澎湖 20110609-139.JPG,SKIP (Dest Dupe),-,Target exists
D:\Takeout\Takeout\Google 相簿\100年度自強活動\澎湖 20110609-114.JPG,SKIP (Dest Dupe),-,Target exists
D:\Takeout\Takeout\Google 相簿\100年度自強活動\澎湖 20110609-147.JPG,SKIP (Dest Dupe),-,Target exists
D:\Takeout\Takeout\Google 相簿\100年度自強活動\澎湖 20110609-149.JPG,SKIP (Dest Dupe),-,Target exists
D:\Takeout\Takeout\Google 相簿\100年度自強活動\澎湖 20110609-148.JPG,SKIP (Dest Dupe),-,Target exists
D:\Takeout\Takeout\Google 相簿\100年度自強活動\澎湖 20110609-143.JPG,SKIP (Dest Dupe),-,Target exists
D:\Takeout\Takeout\Google 相簿\100年度自強活動\澎湖 20110609-138.JPG,SKIP (Dest Dupe),-,Target exists
D:\Takeout\Takeout\Google 相簿\100年度自強活動\澎湖 20110609-152.JPG,SKIP (Dest Dupe),-,Target exists
D:\Takeout\Takeout\Google 相簿\100年度自強活動\澎湖 20110609-140.JPG,SKIP (Dest Dupe),-,Target exists
D:\Takeout\Takeout\Google 相簿\100年度自強活動\澎湖 20110609-128.JPG,SKIP (Dest Dupe),-,Target exists
D:\Takeout\Takeout\Google 相簿\100年度自強活動\澎湖 20110609-159.JPG,SKIP (Dest Dupe),-,Target exists
D:\Takeout\Takeout\Google 相簿\100年度自強活動\澎湖 20110609-144.JPG,SKIP (Dest Dupe),-,Target exists
D:\Takeout\Takeout\Google 相簿\100年度自強活動\澎湖 20110609-162.JPG,SKIP (Dest Dupe),-,Target exists
D:\Takeout\Takeout\Google 相簿\100年度自強活動\澎湖 20110609-160.JPG,SKIP (Dest Dupe),-,Target exists
D:\Takeout\Takeout\Google 相簿\100年度自強活動\澎湖 20110609-153.JPG,SKIP (Dest Dupe),-,Target exists
D:\Takeout\Takeout\Google 相簿\100年度自強活動\澎湖 20110609-150.JPG,SKIP (Dest Dupe),-,Target exists
D:\Takeout\Takeout\Google 相簿\100年度自強活動\澎湖 20110609-161.JPG,SKIP (Dest Dupe),-,Target exists
D:\Takeout\Takeout\Google 相簿\100年度自強活動\澎湖 20110609-157.JPG,SKIP (Dest Dupe),-,Target exists
D:\Takeout\Takeout\Google 相簿\100年度自強活動\澎湖 20110609-167.JPG,SKIP (Dest Dupe),-,Target exists
D:\Takeout\Takeout\Google 相簿\100年度自強活動\澎湖 20110609-169.JPG,SKIP (Dest Dupe),-,Target exists
D:\Takeout\Takeout\Google 相簿\100年度自強活動\澎湖 20110609-163.JPG,SKIP (Dest Dupe),-,Target exists
D:\Takeout\Takeout\Google 相簿\100年度自強活動\澎湖 20110609-165.JPG,SKIP (Dest Dupe),-,Target exists
D:\Takeout\Takeout\Google 相簿\100年度自強活動\澎湖 20110609-164.JPG,SKIP (Dest Dupe),-,Target exists
D:\Takeout\Takeout\Google 相簿\100年度自強活動\澎湖 20110609-151.JPG,SKIP (Dest Dupe),-,Target exists
D:\Takeout\Takeout\Google 相簿\100年度自強活動\澎湖 20110609-178.JPG,SKIP (Dest Dupe),-,Target exists
D:\Takeout\Takeout\Google 相簿\100年度自強活動\澎湖 20110609-171.JPG,SKIP (Dest Dupe),-,Target exists
D:\Takeout\Takeout\Google 相簿\100年度自強活動\澎湖 20110609-173.JPG,SKIP (Dest Dupe),-,Target exists
D:\Takeout\Takeout\Google 相簿\100年度自強活動\澎湖 20110609-174.JPG,SKIP (Dest Dupe),-,Target exists
D:\Takeout\Takeout\Google 相簿\100年度自強活動\澎湖 20110609-156.JPG,SKIP (Dest Dupe),-,Target exists
D:\Takeout\Takeout\Google 相簿\100年度自強活動\澎湖 20110609-182.JPG,SKIP (Dest Dupe),-,Target exists
D:\Takeout\Takeout\Google 相簿\100年度自強活動\澎湖 20110609-181.JPG,SKIP (Dest Dupe),-,Target exists
D:\Takeout\Takeout\Google 相簿\100年度自強活動\澎湖 20110609-176.JPG,SKIP (Dest Dupe),-,Target exists
D:\Takeout\Takeout\Google 相簿\100年度自強活動\澎湖 20110609-186.JPG,SKIP (Dest Dupe),-,Target exists
D:\Takeout\Takeout\Google 相簿\100年度自強活動\澎湖 20110609-187.JPG,SKIP (Dest Dupe),-,Target exists
D:\Takeout\Takeout\Google 相簿\100年度自強活動\澎湖 20110609-170.JPG,SKIP (Dest Dupe),-,Target exists
D:\Takeout\Takeout\Google 相簿\100年度自強活動\澎湖 20110609-184.JPG,SKIP (Dest Dupe),-,Target exists
D:\Takeout\Takeout\Google 相簿\100年度自強活動\澎湖 20110609-166.JPG,SKIP (Dest Dupe),-,Target exists
D:\Takeout\Takeout\Google 相簿\100年度自強活動\澎湖 20110609-179.JPG,SKIP (Dest Dupe),-,Target exists
D:\Takeout\Takeout\Google 相簿\100年度自強活動\澎湖 20110609-180.JPG,SKIP (Dest Dupe),-,Target exists
D:\Takeout\Takeout\Google 相簿\100年度自強活動\澎湖 20110609-247.JPG,SKIP (Dest Dupe),-,Target exists
D:\Takeout\Takeout\Google 相簿\100年度自強活動\澎湖 20110609-84.JPG,SKIP (Dest Dupe),-,Target exists
D:\Takeout\Takeout\Google 相簿\100年度自強活動\澎湖 20110609-87.JPG,SKIP (Dest Dupe),-,Target exists
D:\Takeout\Takeout\Google 相簿\100年度自強活動\澎湖 20110609-85.JPG,SKIP (Dest Dupe),-,Target exists
D:\Takeout\Takeout\Google 相簿\100年度自強活動\澎湖 20110609-88.JPG,SKIP (Dest Dupe),-,Target exists
D:\Takeout\Takeout\Google 相簿\100年度自強活動\澎湖 20110609-175.JPG,SKIP (Dest Dupe),-,Target exists
D:\Takeout\Takeout\Google 相簿\100年度自強活動\澎湖 20110609-81.JPG,SKIP (Dest Dupe),-,Target exists
D:\Takeout\Takeout\Google 相簿\100年度自強活動\澎湖 20110609-91.JPG,SKIP (Dest Dupe),-,Target exists
D:\Takeout\Takeout\Google 相簿\100年度自強活動\澎湖 20110609-185.JPG,SKIP (Dest Dupe),-,Target exists
D:\Takeout\Takeout\Google 相簿\100年度自強活動\澎湖 20110609-94.JPG,SKIP (Dest Dupe),-,Target exists
D:\Takeout\Takeout\Google 相簿\100年度自強活動\澎湖 20110609-90.JPG,SKIP (Dest Dupe),-,Target exists
D:\Takeout\Takeout\Google 相簿\100年度自強活動\澎湖 20110609-89.JPG,SKIP (Dest Dupe),-,Target exists
D:\Takeout\Takeout\Google 相簿\100年度自強活動\澎湖 20110609-95.JPG,SKIP (Dest Dupe),-,Target exists
D:\Takeout\Takeout\Google 相簿\100年度自強活動\澎湖 20110609-96.JPG,SKIP (Dest Dupe),-,Target exists
D:\Takeout\Takeout\Google 相簿\100年度自強活動\澎湖 20110609-189.JPG,SKIP (Dest Dupe),-,Target exists
D:\Takeout\Takeout\Google 相簿\100年度自強活動\澎湖 20110610-252.JPG,SKIP (Dest Dupe),-,Target exists
D:\Takeout\Takeout\Google 相簿\100年度自強活動\澎湖 20110610-249.JPG,SKIP (Dest Dupe),-,Target exists
D:\Takeout\Takeout\Google 相簿\100年度自強活動\澎湖 20110609-97.JPG,SKIP (Dest Dupe),-,Target exists
D:\Takeout\Takeout\Google 相簿\100年度自強活動\澎湖 20110610-254.JPG,SKIP (Dest Dupe),-,Target exists
D:\Takeout\Takeout\Google 相簿\100年度自強活動\澎湖 20110609-98.JPG,SKIP (Dest Dupe),-,Target exists
D:\Takeout\Takeout\Google 相簿\100年度自強活動\澎湖 20110610-258.JPG,SKIP (Dest Dupe),-,Target exists
D:\Takeout\Takeout\Google 相簿\100年度自強活動\澎湖 20110610-257.JPG,SKIP (Dest Dupe),-,Target exists
D:\Takeout\Takeout\Google 相簿\100年度自強活動\澎湖 20110609-188.JPG,SKIP (Dest Dupe),-,Target exists
D:\Takeout\Takeout\Google 相簿\100年度自強活動\澎湖 20110610-260.JPG,SKIP (Dest Dupe),-,Target exists
D:\Takeout\Takeout\Google 相簿\100年度自強活動\澎湖 20110610-264.JPG,SKIP (Dest Dupe),-,Target exists
D:\Takeout\Takeout\Google 相簿\100年度自強活動\澎湖 20110610-263.JPG,SKIP (Dest Dupe),-,Target exists
D:\Takeout\Takeout\Google 相簿\100年度自強活動\澎湖 20110610-261.JPG,SKIP (Dest Dupe),-,Target exists
D:\Takeout\Takeout\Google 相簿\100年度自強活動\澎湖 20110610-253.JPG,SKIP (Dest Dupe),-,Target exists
D:\Takeout\Takeout\Google 相簿\100年度自強活動\澎湖 20110610-270.JPG,SKIP (Dest Dupe),-,Target exists
D:\Takeout\Takeout\Google 相簿\100年度自強活動\澎湖 20110610-259.JPG,SKIP (Dest Dupe),-,Target exists
D:\Takeout\Takeout\Google 相簿\100年度自強活動\澎湖 20110610-271.JPG,SKIP (Dest Dupe),-,Target exists
D:\Takeout\Takeout\Google 相簿\100年度自強活動\澎湖 20110610-266.JPG,SKIP (Dest Dupe),-,Target exists
D:\Takeout\Takeout\Google 相簿\100年度自強活動\澎湖 20110610-273.JPG,SKIP (Dest Dupe),-,Target exists
D:\Takeout\Takeout\Google 相簿\100年度自強活動\澎湖 20110610-275.JPG,SKIP (Dest Dupe),-,Target exists
D:\Takeout\Takeout\Google 相簿\100年度自強活動\澎湖 20110610-276.JPG,SKIP (Dest Dupe),-,Target exists
D:\Takeout\Takeout\Google 相簿\100年度自強活動\澎湖 20110610-250.JPG,SKIP (Dest Dupe),-,Target exists
D:\Takeout\Takeout\Google 相簿\100年度自強活動\澎湖 20110610-274.JPG,SKIP (Dest Dupe),-,Target exists
D:\Takeout\Takeout\Google 相簿\100年度自強活動\澎湖 20110610-255.JPG,SKIP (Dest Dupe),-,Target exists
D:\Takeout\Takeout\Google 相簿\100年度自強活動\澎湖 20110610-269.JPG,SKIP (Dest Dupe),-,Target exists
D:\Takeout\Takeout\Google 相簿\100年度自強活動\澎湖 20110610-265.JPG,SKIP (Dest Dupe),-,Target exists
D:\Takeout\Takeout\Google 相簿\100年度自強活動\澎湖 20110610-281.JPG,SKIP (Dest Dupe),-,Target exists
D:\Takeout\Takeout\Google 相簿\100年度自強活動\澎湖 20110610-278.JPG,SKIP (Dest Dupe),-,Target exists
D:\Takeout\Takeout\Google 相簿\100年度自強活動\澎湖 20110610-282.JPG,SKIP (Dest Dupe),-,Target exists
D:\Takeout\Takeout\Google 相簿\100年度自強活動\澎湖 20110610-283.JPG,SKIP (Dest Dupe),-,Target exists
D:\Takeout\Takeout\Google 相簿\100年度自強活動\澎湖 20110610-280.JPG,SKIP (Dest Dupe),-,Target exists
D:\Takeout\Takeout\Google 相簿\2010 年的相片\166554_188109821202529_100000105379949_754819_5.jpg,SKIP (Dest Dupe),-,Target exists
D:\Takeout\Takeout\Google 相簿\2010 年的相片\IMG000025.jpg,SKIP (Dest Dupe),-,Target exists
D:\Takeout\Takeout\Google 相簿\2010 年的相片\IMG000023.jpg,SKIP (Dest Dupe),-,Target exists
D:\Takeout\Takeout\Google 相簿\2010 年的相片\IMG000026.jpg,SKIP (Dest Dupe),-,Target exists
D:\Takeout\Takeout\Google 相簿\2010 年的相片\IMG000024.jpg,SKIP (Dest Dupe),-,Target exists
D:\Takeout\Takeout\Google 相簿\100年度自強活動\澎湖 20110610-277.JPG,SKIP (Dest Dupe),-,Target exists
D:\Takeout\Takeout\Google 相簿\100年度自強活動\澎湖 20110609-248.JPG,SKIP (Dest Dupe),-,Target exists
D:\Takeout\Takeout\Google 相簿\2010 年的相片\IMG000027.jpg,SKIP (Dest Dupe),-,Target exists
D:\Takeout\Takeout\Google 相簿\2010 年的相片\IMG000030.jpg,SKIP (Dest Dupe),-,Target exists
D:\Takeout\Takeout\Google 相簿\2010 年的相片\IMG000031.jpg,SKIP (Dest Dupe),-,Target exists
D:\Takeout\Takeout\Google 相簿\2010 年的相片\P6300129.JPG,SKIP (Dest Dupe),-,Target exists
D:\Takeout\Takeout\Google 相簿\2010 年的相片\P1160001.JPG,SKIP (Dest Dupe),-,Target exists
D:\Takeout\Takeout\Google 相簿\2010 年的相片\P1160002.JPG,SKIP (Dest Dupe),-,Target exists
D:\Takeout\Takeout\Google 相簿\2010 年的相片\P8040298.JPG,SKIP (Dest Dupe),-,Target exists
D:\Takeout\Takeout\Google 相簿\100年度自強活動\澎湖 20110609-83.JPG,SKIP (Dest Dupe),-,Target exists
D:\Takeout\Takeout\Google 相簿\2010 年的相片\untitled1.bmp,SKIP (Dest Dupe),-,Target exists
D:\Takeout\Takeout\Google 相簿\2018 年的相片\IMG20180210151101.jpg,SKIP (Dest Dupe),-,Target exists
D:\Takeout\Takeout\Google 相簿\2018 年的相片\IMG_1761.JPG,SKIP (Dest Dupe),-,Target exists
D:\Takeout\Takeout\Google 相簿\2018 年的相片\IMG_1759.JPG,SKIP (Dest Dupe),-,Target exists
D:\Takeout\Takeout\Google 相簿\2010 年的相片\P6300133.JPG,SKIP (Dest Dupe),-,Target exists
D:\Takeout\Takeout\Google 相簿\2018 年的相片\IMG20180107160747.jpg,SKIP (Dest Dupe),-,Target exists
D:\Takeout\Takeout\Google 相簿\2018 年的相片\IMG_1760.JPG,SKIP (Dest Dupe),-,Target exists
D:\Takeout\Takeout\Google 相簿\2018 年的相片\IMG_1758.JPG,SKIP (Dest Dupe),-,Target exists
D:\Takeout\Takeout\Google 相簿\2018 年的相片\IMG_1763.JPG,SKIP (Dest Dupe),-,Target exists
D:\Takeout\Takeout\Google 相簿\2018 年的相片\IMG_1765.JPG,SKIP (Dest Dupe),-,Target exists
D:\Takeout\Takeout\Google 相簿\2018 年的相片\IMG_1764.JPG,SKIP (Dest Dupe),-,Target exists
D:\Takeout\Takeout\Google 相簿\2018 年的相片\IMG_1769.JPG,SKIP (Dest Dupe),-,Target exists
D:\Takeout\Takeout\Google 相簿\2018 年的相片\IMG_1767.JPG,SKIP (Dest Dupe),-,Target exists
D:\Takeout\Takeout\Google 相簿\2018 年的相片\IMG_2040.JPG,SKIP (Dest Dupe),-,Target exists
D:\Takeout\Takeout\Google 相簿\2010 年的相片\DSCF0432.AVI,SKIP (Dest Dupe),-,Target exists
D:\Takeout\Takeout\Google 相簿\2018 年的相片\IMG_2063.JPG,SKIP (Dest Dupe),-,Target exists
D:\Takeout\Takeout\Google 相簿\2018 年的相片\IMG_1768.JPG,SKIP (Dest Dupe),-,Target exists
D:\Takeout\Takeout\Google 相簿\2018 年的相片\IMG_2064.JPG,SKIP (Dest Dupe),-,Target exists
D:\Takeout\Takeout\Google 相簿\2018 年的相片\IMG_2041.JPG,SKIP (Dest Dupe),-,Target exists
D:\Takeout\Takeout\Google 相簿\2018 年的相片\IMG_2067.JPG,SKIP (Dest Dupe),-,Target exists
D:\Takeout\Takeout\Google 相簿\2018 年的相片\IMG_2009.JPG,SKIP (Dest Dupe),-,Target exists
D:\Takeout\Takeout\Google 相簿\2018 年的相片\IMG_2066.JPG,SKIP (Dest Dupe),-,Target exists
D:\Takeout\Takeout\Google 相簿\2018 年的相片\IMG_2068.JPG,SKIP (Dest Dupe),-,Target exists
D:\Takeout\Takeout\Google 相簿\2018 年的相片\IMG_2098.JPG,SKIP (Dest Dupe),-,Target exists
D:\Takeout\Takeout\Google 相簿\2018 年的相片\IMG_2073.JPG,SKIP (Dest Dupe),-,Target exists
D:\Takeout\Takeout\Google 相簿\2018 年的相片\IMG_2072.JPG,SKIP (Dest Dupe),-,Target exists
D:\Takeout\Takeout\Google 相簿\2018 年的相片\IMG_2100.JPG,SKIP (Dest Dupe),-,Target exists
D:\Takeout\Takeout\Google 相簿\2018 年的相片\IMG_2076.JPG,SKIP (Dest Dupe),-,Target exists
D:\Takeout\Takeout\Google 相簿\2018 年的相片\IMG_2069.JPG,SKIP (Dest Dupe),-,Target exists
D:\Takeout\Takeout\Google 相簿\2018 年的相片\IMG_2074.JPG,SKIP (Dest Dupe),-,Target exists
D:\Takeout\Takeout\Google 相簿\2018 年的相片\IMG_2105.JPG,SKIP (Dest Dupe),-,Target exists
D:\Takeout\Takeout\Google 相簿\2018 年的相片\IMG_2210.JPG,SKIP (Dest Dupe),-,Target exists
D:\Takeout\Takeout\Google 相簿\2018 年的相片\IMG_2127.JPG,SKIP (Dest Dupe),-,Target exists
D:\Takeout\Takeout\Google 相簿\2018 年的相片\IMG_2104.JPG,SKIP (Dest Dupe),-,Target exists
D:\Takeout\Takeout\Google 相簿\2018 年的相片\IMG_2209.JPG,SKIP (Dest Dupe),-,Target exists
D:\Takeout\Takeout\Google 相簿\2018 年的相片\IMG_2214.JPG,SKIP (Dest Dupe),-,Target exists
D:\Takeout\Takeout\Google 相簿\2018 年的相片\IMG_2218.JPG,SKIP (Dest Dupe),-,Target exists
D:\Takeout\Takeout\Google 相簿\2018 年的相片\IMG_2213.JPG,SKIP (Dest Dupe),-,Target exists
D:\Takeout\Takeout\Google 相簿\2018 年的相片\IMG_2239.JPG,SKIP (Dest Dupe),-,Target exists
D:\Takeout\Takeout\Google 相簿\2018 年的相片\IMG_2240.JPG,SKIP (Dest Dupe),-,Target exists
D:\Takeout\Takeout\Google 相簿\2018 年的相片\IMG_2238.JPG,SKIP (Dest Dupe),-,Target exists
D:\Takeout\Takeout\Google 相簿\2018 年的相片\IMG_2245.JPG,SKIP (Dest Dupe),-,Target exists
D:\Takeout\Takeout\Google 相簿\2018 年的相片\IMG_2243.JPG,SKIP (Dest Dupe),-,Target exists
D:\Takeout\Takeout\Google 相簿\2018 年的相片\IMG_2106.mov,SKIP (Dest Dupe),-,Target exists
D:\Takeout\Takeout\Google 相簿\2018 年的相片\IMG_2246.JPG,SKIP (Dest Dupe),-,Target exists
D:\Takeout\Takeout\Google 相簿\2018 年的相片\IMG_2212.JPG,SKIP (Dest Dupe),-,Target exists
D:\Takeout\Takeout\Google 相簿\2018 年的相片\IMG_2247.JPG,SKIP (Dest Dupe),-,Target exists
D:\Takeout\Takeout\Google 相簿\2018 年的相片\IMG_2262.JPG,SKIP (Dest Dupe),-,Target exists
D:\Takeout\Takeout\Google 相簿\2018 年的相片\IMG_2956.JPG,SKIP (Dest Dupe),-,Target exists
D:\Takeout\Takeout\Google 相簿\2018 年的相片\IMG_2957.JPG,SKIP (Dest Dupe),-,Target exists
D:\Takeout\Takeout\Google 相簿\2018 年的相片\IMG_2953.JPG,SKIP (Dest Dupe),-,Target exists
D:\Takeout\Takeout\Google 相簿\2018 年的相片\IMG_2959.JPG,SKIP (Dest Dupe),-,Target exists
D:\Takeout\Takeout\Google 相簿\2018 年的相片\IMG_2785.JPG,SKIP (Dest Dupe),-,Target exists
D:\Takeout\Takeout\Google 相簿\2018 年的相片\IMG_2955.JPG,SKIP (Dest Dupe),-,Target exists
D:\Takeout\Takeout\Google 相簿\2018 年的相片\QVZjdTNkRDJHZkN1RFNMMw.jpeg,SKIP (Dest Dupe),-,Target exists
D:\Takeout\Takeout\Google 相簿\2018 年的相片\IMG_2958.JPG,SKIP (Dest Dupe),-,Target exists
D:\Takeout\Takeout\Google 相簿\2018 年的相片\IMG_2962.JPG,SKIP (Dest Dupe),-,Target exists
D:\Takeout\Takeout\Google 相簿\2018 年的相片\IMG_2961.JPG,SKIP (Dest Dupe),-,Target exists
D:\Takeout\Takeout\Google 相簿\2018 年的相片\QVZka2NwQXlxTDFYOEdILQ.jpeg,SKIP (Dest Dupe),-,Target exists
D:\Takeout\Takeout\Google 相簿\2018 年的相片\IMG_2966.JPG,SKIP (Dest Dupe),-,Target exists
D:\Takeout\Takeout\Google 相簿\2018 年的相片\QVZjLVJoVTdIeFpvOVpsYg.jpeg,SKIP (Dest Dupe),-,Target exists
D:\Takeout\Takeout\Google 相簿\2018 年的相片\QVZjRVNocWRsQlctN2o0Yg.jpeg,SKIP (Dest Dupe),-,Target exists
D:\Takeout\Takeout\Google 相簿\2018 年的相片\QVZjSTYwbUxhYVlJVEN2MQ.mp4,SKIP (Dest Dupe),-,Target exists
D:\Takeout\Takeout\Google 相簿\2018 年的相片\QVZkaVFzUW85LTVnMS0wRw.jpeg,SKIP (Dest Dupe),-,Target exists
D:\Takeout\Takeout\Google 相簿\2018 年的相片\IMG_2965.JPG,SKIP (Dest Dupe),-,Target exists
D:\Takeout\Takeout\Google 相簿\2018 年的相片\QVZmOHVjSUE4QnVBOVNabA.jpeg,SKIP (Dest Dupe),-,Target exists
D:\Takeout\Takeout\Google 相簿\2018 年的相片\北京地鐵圖.png,SKIP (Dest Dupe),-,Target exists
D:\Takeout\Takeout\Google 相簿\2018 年的相片\QVZlcjU3YkFqU0FTcEUxVA.mp4,SKIP (Dest Dupe),-,Target exists
D:\Takeout\Takeout\Google 相簿\2018 年的相片\QVZkUnhuVHRsUVJQOTNuSw.jpeg,SKIP (Dest Dupe),-,Target exists
D:\Takeout\Takeout\Google 相簿\Lan Yu\QVZjb1JZUzI4Nm1Idm44RQ.jpeg,SKIP (Dest Dupe),-,Target exists
D:\Takeout\Takeout\Google 相簿\Instagram Photos\QVZlRGJBT1ZVT2J0eHY4dQ.jpeg,SKIP (Dest Dupe),-,Target exists
D:\Takeout\Takeout\Google 相簿\Lan Yu\QVZjamJ5MnB6VUxzLWp3UQ.jpeg,SKIP (Dest Dupe),-,Target exists
D:\Takeout\Takeout\Google 相簿\2018 年的相片\RDVU0329.JPG,SKIP (Dest Dupe),-,Target exists
D:\Takeout\Takeout\Google 相簿\Lan Yu\QVZjOURQOWp6ZUtHNFdycg.jpeg,SKIP (Dest Dupe),-,Target exists
D:\Takeout\Takeout\Google 相簿\Lan Yu\QVZjdDNMZ3k0Q1I2R2hwZA.jpeg,SKIP (Dest Dupe),-,Target exists
D:\Takeout\Takeout\Google 相簿\Lan Yu\QVZjcHZvaThadHBxdDVBTA.jpeg,SKIP (Dest Dupe),-,Target exists
D:\Takeout\Takeout\Google 相簿\2010 年的相片\DSCF0787.AVI,SKIP (Dest Dupe),-,Target exists
D:\Takeout\Takeout\Google 相簿\Lan Yu\QVZjRTB0UDJ5TWpFZGtIdQ.jpeg,SKIP (Dest Dupe),-,Target exists
D:\Takeout\Takeout\Google 相簿\Lan Yu\QVZjWkJYM2h4MktnaVEyOQ.jpeg,SKIP (Dest Dupe),-,Target exists
D:\Takeout\Takeout\Google 相簿\Lan Yu\QVZjRWIyTjI2SVMyWnlEUg.jpeg,SKIP (Dest Dupe),-,Target exists
D:\Takeout\Takeout\Google 相簿\Lan Yu\QVZjSTJtT19KRldDd2lyYg.jpeg,SKIP (Dest Dupe),-,Target exists
D:\Takeout\Takeout\Google 相簿\Lan Yu\QVZjZWFFVkxqT25ack1faw.jpeg,SKIP (Dest Dupe),-,Target exists
D:\Takeout\Takeout\Google 相簿\Lan Yu\QVZjZU5rZm5YbjZSWlYwZA.jpeg,SKIP (Dest Dupe),-,Target exists
D:\Takeout\Takeout\Google 相簿\Lan Yu\QVZjZ0pBMFlEdGVGa2FJWQ.jpeg,SKIP (Dest Dupe),-,Target exists
D:\Takeout\Takeout\Google 相簿\Lan Yu\QVZkM0NiTElLcEt2Y0tnMg.jpeg,SKIP (Dest Dupe),-,Target exists
D:\Takeout\Takeout\Google 相簿\Lan Yu\QVZjWlBzMGswdzVTVGtzXw.jpeg,SKIP (Dest Dupe),-,Target exists
D:\Takeout\Takeout\Google 相簿\Lan Yu\QVZkMVhWTVhFREJTUmZpYw.jpeg,SKIP (Dest Dupe),-,Target exists
D:\Takeout\Takeout\Google 相簿\Lan Yu\QVZkQUZnOXNSZExKUHlIRQ.jpeg,SKIP (Dest Dupe),-,Target exists
D:\Takeout\Takeout\Google 相簿\Lan Yu\QVZkOEV4b09ubGhKamlaNg.jpeg,SKIP (Dest Dupe),-,Target exists
D:\Takeout\Takeout\Google 相簿\Lan Yu\QVZkd0hjbmlNXzVXSWxyUQ.jpeg,SKIP (Dest Dupe),-,Target exists
D:\Takeout\Takeout\Google 相簿\Lan Yu\QVZkMGdpYmc5bWJXSlV6MQ.jpeg,SKIP (Dest Dupe),-,Target exists
D:\Takeout\Takeout\Google 相簿\Lan Yu\QVZlcm9WS1pYaDRFbzliXw.jpeg,SKIP (Dest Dupe),-,Target exists
D:\Takeout\Takeout\Google 相簿\2018 年的相片\IMG_2102.MOV,SKIP (Dest Dupe),-,Target exists
D:\Takeout\Takeout\Google 相簿\Lan Yu\QVZkSHlKa3gyUFM5NTBxZw.jpeg,SKIP (Dest Dupe),-,Target exists
D:\Takeout\Takeout\Google 相簿\Lan Yu\QVZldUd4QWY2MV8tSFExTQ.jpeg,SKIP (Dest Dupe),-,Target exists
D:\Takeout\Takeout\Google 相簿\Lan Yu\QVZlMl9jQnhrbVFsbkdDSA.jpeg,SKIP (Dest Dupe),-,Target exists
D:\Takeout\Takeout\Google 相簿\Lan Yu\QVZlOF83WFd2SGRSWWRXdA.jpeg,SKIP (Dest Dupe),-,Target exists
D:\Takeout\Takeout\Google 相簿\Lan Yu\QVZlQ1RMN2RwQjVvMFhWZg.jpeg,SKIP (Dest Dupe),-,Target exists
D:\Takeout\Takeout\Google 相簿\Lan Yu\QVZlczFZd0NmZlhndkhQdw.jpeg,SKIP (Dest Dupe),-,Target exists
D:\Takeout\Takeout\Google 相簿\Lan Yu\QVZkUXR6UEdod1k1Nmk4aA.jpeg,SKIP (Dest Dupe),-,Target exists
D:\Takeout\Takeout\Google 相簿\Lan Yu\QVZlQkhCOE1za1lDOVpkNA.jpeg,SKIP (Dest Dupe),-,Target exists
D:\Takeout\Takeout\Google 相簿\Lan Yu\QVZlV0xqVXBJU2R5TDAwZw.jpeg,SKIP (Dest Dupe),-,Target exists
D:\Takeout\Takeout\Google 相簿\Lan Yu\QVZlWklxbXBOVkphWnp0Yw.jpeg,SKIP (Dest Dupe),-,Target exists
D:\Takeout\Takeout\Google 相簿\Lan Yu\QVZlT1oyWlRCVkx6Y19lRg.jpeg,SKIP (Dest Dupe),-,Target exists
D:\Takeout\Takeout\Google 相簿\Lan Yu\QVZlZ01OamZVYmhxUDVOZw.jpeg,SKIP (Dest Dupe),-,Target exists
D:\Takeout\Takeout\Google 相簿\Lan Yu\QVZlTVpleWY1Mk9Td1c1aw.jpeg,SKIP (Dest Dupe),-,Target exists
D:\Takeout\Takeout\Google 相簿\Lan Yu\QVZlZ0haeVlQUFRmaGFxXw.jpeg,SKIP (Dest Dupe),-,Target exists
D:\Takeout\Takeout\Google 相簿\Lan Yu\QVZlNThPWHkzbnM0UkNBeQ.jpeg,SKIP (Dest Dupe),-,Target exists
D:\Takeout\Takeout\Google 相簿\Lan Yu\QVZmaEJza045c21CS2ZMdQ.jpeg,SKIP (Dest Dupe),-,Target exists
D:\Takeout\Takeout\Google 相簿\Lan Yu\QVZma1ZEN1Z6N2s2SVdHZA.jpeg,SKIP (Dest Dupe),-,Target exists
D:\Takeout\Takeout\Google 相簿\Lan Yu\QVZmc3pIeWktblZhNURmaQ.jpeg,SKIP (Dest Dupe),-,Target exists
D:\Takeout\Takeout\Google 相簿\Lan Yu\QVZmQmpxeDVoVnFVOGtCeQ.jpeg,SKIP (Dest Dupe),-,Target exists
D:\Takeout\Takeout\Google 相簿\Lan Yu\QVZmTHhSQjZuTFliTERsdw.jpeg,SKIP (Dest Dupe),-,Target exists
D:\Takeout\Takeout\Google 相簿\Lan Yu\QVZmOTVzaVkxZ1RiLU1lbg.jpeg,SKIP (Dest Dupe),-,Target exists
D:\Takeout\Takeout\Google 相簿\Lan Yu\QVZmV1VCVFNpRW9sbTNCdw.jpeg,SKIP (Dest Dupe),-,Target exists
D:\Takeout\Takeout\Google 相簿\Lan Yu\QVZmY1VyRnNlMUhsUWUxOA.jpeg,SKIP (Dest Dupe),-,Target exists
D:\Takeout\Takeout\Google 相簿\Lan Yu\QVZmWlJ4dFZNSXZDQmVkaQ.jpeg,SKIP (Dest Dupe),-,Target exists
D:\Takeout\Takeout\Google 相簿\Lan Yu\QVZmWEFSQzRLSV8xdW1VNw.jpeg,SKIP (Dest Dupe),-,Target exists
D:\Takeout\Takeout\Google 相簿\Lan Yu\QVZmc1NOY3FKb0U0V0MwLQ.jpeg,SKIP (Dest Dupe),-,Target exists
D:\Takeout\Takeout\Google 相簿\Lan Yu\QVZmYUxPRmd5NEVtWHB4Zw.jpeg,SKIP (Dest Dupe),-,Target exists
D:\Takeout\Takeout\Google 相簿\Mobile uploads\QVZjcWVscEdlMHB5dDBYOQ.jpeg,SKIP (Dest Dupe),-,Target exists
D:\Takeout\Takeout\Google 相簿\Mobile uploads\QVZja0NCQnZEd193RVl2Xw.jpeg,SKIP (Dest Dupe),-,Target exists
D:\Takeout\Takeout\Google 相簿\2010 年的相片\DSCF0579 (1).AVI,SKIP (Dest Dupe),-,Target exists
D:\Takeout\Takeout\Google 相簿\2010 年的相片\DSCF0579.AVI,SKIP (Dest Dupe),-,Target exists
D:\Takeout\Takeout\Google 相簿\Lan Yu\QVZmWmdaX3V3SGJWQzJBWA.jpeg,SKIP (Dest Dupe),-,Target exists
D:\Takeout\Takeout\Google 相簿\Mobile uploads\QVZjdWhvMlNpcHBzanRqZQ.jpeg,SKIP (Dest Dupe),-,Target exists
D:\Takeout\Takeout\Google 相簿\Mobile uploads\QVZjd1NRTDJGQ3k4MkVoMQ.jpeg,SKIP (Dest Dupe),-,Target exists
D:\Takeout\Takeout\Google 相簿\Mobile uploads\QVZjN2pPN1lMV05nc0J1Sg.jpeg,SKIP (Dest Dupe),-,Target exists
D:\Takeout\Takeout\Google 相簿\Mobile uploads\QVZjeURwQzNDVk55NFVPaw.jpeg,SKIP (Dest Dupe),-,Target exists
D:\Takeout\Takeout\Google 相簿\Mobile uploads\QVZjeDI0ZU1ObE5manExTg.jpeg,SKIP (Dest Dupe),-,Target exists
D:\Takeout\Takeout\Google 相簿\Mobile uploads\QVZjQ0xxQXhtRWFWNUZ4aA.jpeg,SKIP (Dest Dupe),-,Target exists
D:\Takeout\Takeout\Google 相簿\Mobile uploads\QVZjc3NhOXA4RDZoUXJFdA.jpeg,SKIP (Dest Dupe),-,Target exists
D:\Takeout\Takeout\Google 相簿\Mobile uploads\QVZjNmgyYXlmVG9XVkxnMQ.jpeg,SKIP (Dest Dupe),-,Target exists
D:\Takeout\Takeout\Google 相簿\Mobile uploads\QVZjMXJabmtxWU42bzJtNA.jpeg,SKIP (Dest Dupe),-,Target exists
D:\Takeout\Takeout\Google 相簿\Mobile uploads\QVZjRVNocWRsQlctN2o0Yg.jpeg,SKIP (Dest Dupe),-,Target exists
D:\Takeout\Takeout\Google 相簿\Mobile uploads\QVZjRDNmMXR3Z0JlUVN2aA.jpeg,SKIP (Dest Dupe),-,Target exists
D:\Takeout\Takeout\Google 相簿\Mobile uploads\QVZjQ3dQZzZLRFlMNFJHZQ.jpeg,SKIP (Dest Dupe),-,Target exists
D:\Takeout\Takeout\Google 相簿\Mobile uploads\QVZjU0dzWEdPeTZRa1FHWg.jpeg,SKIP (Dest Dupe),-,Target exists
D:\Takeout\Takeout\Google 相簿\Mobile uploads\QVZjSlpOV2dPZWNjLVNXaw.jpeg,SKIP (Dest Dupe),-,Target exists
D:\Takeout\Takeout\Google 相簿\Mobile uploads\QVZjTWR6eWdBTXZpTjVyQw.jpeg,SKIP (Dest Dupe),-,Target exists
D:\Takeout\Takeout\Google 相簿\Mobile uploads\QVZjUExfbUUxeHM2emdQSw.jpeg,SKIP (Dest Dupe),-,Target exists
D:\Takeout\Takeout\Google 相簿\Lan Yu\QVZmZ1dERzg5bjIzWExiYw.jpeg,SKIP (Dest Dupe),-,Target exists
D:\Takeout\Takeout\Google 相簿\Mobile uploads\QVZjVmdzNGZJVFhiTmlBVQ.jpeg,SKIP (Dest Dupe),-,Target exists
D:\Takeout\Takeout\Google 相簿\Lan Yu\QVZmZVNNQlNTRWxtTVR3Rg.jpeg,SKIP (Dest Dupe),-,Target exists
D:\Takeout\Takeout\Google 相簿\Mobile uploads\QVZjWGhORUEtaEo2ckxFaw.jpeg,SKIP (Dest Dupe),-,Target exists
D:\Takeout\Takeout\Google 相簿\Mobile uploads\QVZjWV9zRHR6QUVzbWg4LQ.jpeg,SKIP (Dest Dupe),-,Target exists
D:\Takeout\Takeout\Google 相簿\Mobile uploads\QVZjWXhONFQ4QWlQMnQ0dw.jpeg,SKIP (Dest Dupe),-,Target exists
D:\Takeout\Takeout\Google 相簿\Mobile uploads\QVZjY1pmU2VoeHRCcE1MUw.jpeg,SKIP (Dest Dupe),-,Target exists
D:\Takeout\Takeout\Google 相簿\Mobile uploads\QVZjVzFzQmU2bW5fcmxnbg.jpeg,SKIP (Dest Dupe),-,Target exists
D:\Takeout\Takeout\Google 相簿\Mobile uploads\QVZjY2x4NnpVbURzQzRJVA.jpeg,SKIP (Dest Dupe),-,Target exists
D:\Takeout\Takeout\Google 相簿\Mobile uploads\QVZjV2NjQldCWW1UOFQxTg.jpeg,SKIP (Dest Dupe),-,Target exists
D:\Takeout\Takeout\Google 相簿\Mobile uploads\QVZjYzNZQ0FGVkRaRXZzNQ.jpeg,SKIP (Dest Dupe),-,Target exists
D:\Takeout\Takeout\Google 相簿\Mobile uploads\QVZjYlk4ZGpxWm1qQ0JtQQ.jpeg,SKIP (Dest Dupe),-,Target exists
D:\Takeout\Takeout\Google 相簿\Mobile uploads\QVZjVVBUazZSekJHM2RmdQ.jpeg,SKIP (Dest Dupe),-,Target exists
D:\Takeout\Takeout\Google 相簿\Mobile uploads\QVZjZkJMOVRHSVNYYmE2cg.jpeg,SKIP (Dest Dupe),-,Target exists
D:\Takeout\Takeout\Google 相簿\Mobile uploads\QVZkaUhUMVVCbndoUl9ibA.jpeg,SKIP (Dest Dupe),-,Target exists
D:\Takeout\Takeout\Google 相簿\Mobile uploads\QVZjZm9wRTNRMml6UkQ2Qg.jpeg,SKIP (Dest Dupe),-,Target exists
D:\Takeout\Takeout\Google 相簿\Mobile uploads\QVZkb1o0NWpzV1k4R05fMQ.jpeg,SKIP (Dest Dupe),-,Target exists
D:\Takeout\Takeout\Google 相簿\Mobile uploads\QVZkb3FVY2w5cmd5VnVQMQ.jpeg,SKIP (Dest Dupe),-,Target exists
D:\Takeout\Takeout\Google 相簿\Mobile uploads\QVZkaUZSWGtVNHZua3gwdg.jpeg,SKIP (Dest Dupe),-,Target exists
D:\Takeout\Takeout\Google 相簿\Mobile uploads\QVZjYzZDVUlKNGFVbm81cg.jpeg,SKIP (Dest Dupe),-,Target exists
D:\Takeout\Takeout\Google 相簿\Mobile uploads\QVZkcE54bU41TlVTZURwTA.jpeg,SKIP (Dest Dupe),-,Target exists
D:\Takeout\Takeout\Google 相簿\Mobile uploads\QVZkcE1vUDdvMnp3eVRFTA.jpeg,SKIP (Dest Dupe),-,Target exists
D:\Takeout\Takeout\Google 相簿\Mobile uploads\QVZjYjRkMi1FYVk3Nm9wbg.jpeg,SKIP (Dest Dupe),-,Target exists
D:\Takeout\Takeout\Google 相簿\Mobile uploads\QVZjUkNvbXpSUkI2NWY2eQ.jpeg,SKIP (Dest Dupe),-,Target exists
D:\Takeout\Takeout\Google 相簿\Mobile uploads\QVZkejg5bHJhU3p3QnctVQ.jpeg,SKIP (Dest Dupe),-,Target exists
D:\Takeout\Takeout\Google 相簿\Mobile uploads\QVZkdWszQkxnXy1JY3Y2Zg.jpeg,SKIP (Dest Dupe),-,Target exists
D:\Takeout\Takeout\Google 相簿\Mobile uploads\QVZkdlZwejl6MVl4RUQ0WA.jpeg,SKIP (Dest Dupe),-,Target exists
D:\Takeout\Takeout\Google 相簿\Mobile uploads\QVZkLXBUb2lKd2ZVaXp6Ug.jpeg,SKIP (Dest Dupe),-,Target exists
D:\Takeout\Takeout\Google 相簿\Mobile uploads\QVZkejFZM0p1Ti1NRXh4NQ.jpeg,SKIP (Dest Dupe),-,Target exists
D:\Takeout\Takeout\Google 相簿\Mobile uploads\QVZkMEkzNzhFNFE3dW9BRA.jpeg,SKIP (Dest Dupe),-,Target exists
D:\Takeout\Takeout\Google 相簿\Mobile uploads\QVZkdEowT21QQ1k1czhoUA.jpeg,SKIP (Dest Dupe),-,Target exists
D:\Takeout\Takeout\Google 相簿\Mobile uploads\QVZkeTlvSENwRmF0MzJSUw.jpeg,SKIP (Dest Dupe),-,Target exists
D:\Takeout\Takeout\Google 相簿\Mobile uploads\QVZkR3VWRWxZWnVMM3NORQ.jpeg,SKIP (Dest Dupe),-,Target exists
D:\Takeout\Takeout\Google 相簿\Mobile uploads\QVZkcDdsZlFRRWxaM0JWMQ.jpeg,SKIP (Dest Dupe),-,Target exists
D:\Takeout\Takeout\Google 相簿\Mobile uploads\QVZkSFhMT3p6bF80Y0VsYg.jpeg,SKIP (Dest Dupe),-,Target exists
D:\Takeout\Takeout\Google 相簿\Mobile uploads\QVZjUzU2Y1pNR19CRzFvdw.jpeg,SKIP (Dest Dupe),-,Target exists
D:\Takeout\Takeout\Google 相簿\Mobile uploads\QVZkSE5IbmV4dkpCcjNRRg.jpeg,SKIP (Dest Dupe),-,Target exists
D:\Takeout\Takeout\Google 相簿\Mobile uploads\QVZkS0VUM05rcU5qRFhHRg.jpeg,SKIP (Dest Dupe),-,Target exists
D:\Takeout\Takeout\Google 相簿\Mobile uploads\QVZkTU01dFR0WlhwZGJFYw.jpeg,SKIP (Dest Dupe),-,Target exists
D:\Takeout\Takeout\Google 相簿\Mobile uploads\QVZkMGpGcl9fYVRtNlJVVw.jpeg,SKIP (Dest Dupe),-,Target exists
D:\Takeout\Takeout\Google 相簿\Mobile uploads\QVZkSzJUWHpzbDFiaFdpQQ.jpeg,SKIP (Dest Dupe),-,Target exists
D:\Takeout\Takeout\Google 相簿\Mobile uploads\QVZkS0xfZmlScUpEaDJhZg.jpeg,SKIP (Dest Dupe),-,Target exists
D:\Takeout\Takeout\Google 相簿\Mobile uploads\QVZkT3hfeTZISkp6dXFQUA.jpeg,SKIP (Dest Dupe),-,Target exists
D:\Takeout\Takeout\Google 相簿\Mobile uploads\QVZkUlVoQmExREFDajZJYw.jpeg,SKIP (Dest Dupe),-,Target exists
D:\Takeout\Takeout\Google 相簿\Mobile uploads\QVZkVTlMVzNNcFFUSjQ1QQ.jpeg,SKIP (Dest Dupe),-,Target exists
D:\Takeout\Takeout\Google 相簿\Mobile uploads\QVZkYjRsaDJ1VTZqclFhVg.jpeg,SKIP (Dest Dupe),-,Target exists
D:\Takeout\Takeout\Google 相簿\Mobile uploads\QVZkTV9XYUpBZmpRdm9ZVg.jpeg,SKIP (Dest Dupe),-,Target exists
D:\Takeout\Takeout\Google 相簿\Mobile uploads\QVZkYk1zanBjZEZDN3pnZQ.jpeg,SKIP (Dest Dupe),-,Target exists
D:\Takeout\Takeout\Google 相簿\Mobile uploads\QVZkRGJmWG14dU92eklZag.jpeg,SKIP (Dest Dupe),-,Target exists
D:\Takeout\Takeout\Google 相簿\Mobile uploads\QVZlaUtJTTFKREgxS1FxNg.jpeg,SKIP (Dest Dupe),-,Target exists
D:\Takeout\Takeout\Google 相簿\Mobile uploads\QVZkUFVHZ0pJblpzenMtNA.jpeg,SKIP (Dest Dupe),-,Target exists
D:\Takeout\Takeout\Google 相簿\Mobile uploads\QVZkZ09DODhMa042ZjBrZQ.jpeg,SKIP (Dest Dupe),-,Target exists
D:\Takeout\Takeout\Google 相簿\Mobile uploads\QVZkZmk0OUJkTVhOWWpRdQ.jpeg,SKIP (Dest Dupe),-,Target exists
D:\Takeout\Takeout\Google 相簿\Mobile uploads\QVZlck5hb0IzelZyekVYYQ.jpeg,SKIP (Dest Dupe),-,Target exists
D:\Takeout\Takeout\Google 相簿\Mobile uploads\QVZkYVRWaXVnVjRtcndDNw.jpeg,SKIP (Dest Dupe),-,Target exists
D:\Takeout\Takeout\Google 相簿\Mobile uploads\QVZkV2FOQkR3NXlCSlVQaQ.jpeg,SKIP (Dest Dupe),-,Target exists
D:\Takeout\Takeout\Google 相簿\Mobile uploads\QVZlelQxQWxBRGpjaTY5dA.jpeg,SKIP (Dest Dupe),-,Target exists
D:\Takeout\Takeout\Google 相簿\Mobile uploads\QVZlMlQ3V0tfR1hOTXVEWA.jpeg,SKIP (Dest Dupe),-,Target exists
D:\Takeout\Takeout\Google 相簿\Mobile uploads\QVZlcEdGQkExUFZpRjAtbw.jpeg,SKIP (Dest Dupe),-,Target exists
D:\Takeout\Takeout\Google 相簿\Mobile uploads\QVZlMXpydzFOaUpHNDlFNg.jpeg,SKIP (Dest Dupe),-,Target exists
D:\Takeout\Takeout\Google 相簿\Mobile uploads\QVZlbHY3VHZ4S2U1N2dvOA.jpeg,SKIP (Dest Dupe),-,Target exists
D:\Takeout\Takeout\Google 相簿\Mobile uploads\QVZlM2ZlSHZPNU94cXJhYw.jpeg,SKIP (Dest Dupe),-,Target exists
D:\Takeout\Takeout\Google 相簿\Mobile uploads\QVZlQjIwblJPWmZONm1MYg.jpeg,SKIP (Dest Dupe),-,Target exists
D:\Takeout\Takeout\Google 相簿\Mobile uploads\QVZlNWpwTmJhVjlid0t6bg.jpeg,SKIP (Dest Dupe),-,Target exists
D:\Takeout\Takeout\Google 相簿\Mobile uploads\QVZlNWpzM2lQR1pnUkdBWg.jpeg,SKIP (Dest Dupe),-,Target exists
D:\Takeout\Takeout\Google 相簿\Mobile uploads\QVZlMHRBenJUUi1HVndFQw.jpeg,SKIP (Dest Dupe),-,Target exists
D:\Takeout\Takeout\Google 相簿\Mobile uploads\QVZlS1l3c2JXRGZSQjhEWQ.jpeg,SKIP (Dest Dupe),-,Target exists
D:\Takeout\Takeout\Google 相簿\Mobile uploads\QVZlMUtOaGtPOEt4RFY3Yg.jpeg,SKIP (Dest Dupe),-,Target exists
D:\Takeout\Takeout\Google 相簿\Mobile uploads\QVZlQ3o4TTJ6YUFFcGpHZw.jpeg,SKIP (Dest Dupe),-,Target exists
D:\Takeout\Takeout\Google 相簿\Mobile uploads\QVZlT3c4aWttS0Y1b20yWA.jpeg,SKIP (Dest Dupe),-,Target exists
D:\Takeout\Takeout\Google 相簿\Mobile uploads\QVZlSFhkVXFlTWdDbW5CRw.jpeg,SKIP (Dest Dupe),-,Target exists
D:\Takeout\Takeout\Google 相簿\Mobile uploads\QVZleDYzeHhOY3p4M2Z6OQ.jpeg,SKIP (Dest Dupe),-,Target exists
D:\Takeout\Takeout\Google 相簿\Mobile uploads\QVZlU0FqUXNEOEZKTVJVeQ.jpeg,SKIP (Dest Dupe),-,Target exists
D:\Takeout\Takeout\Google 相簿\Mobile uploads\QVZldkZEUHl0a3lqRUx2MA.jpeg,SKIP (Dest Dupe),-,Target exists
D:\Takeout\Takeout\Google 相簿\Mobile uploads\QVZlT2hEd0NLdkx5NGk3bw.jpeg,SKIP (Dest Dupe),-,Target exists
D:\Takeout\Takeout\Google 相簿\Mobile uploads\QVZlRkVhc2NxNVN5Q2NyNQ.jpeg,SKIP (Dest Dupe),-,Target exists
D:\Takeout\Takeout\Google 相簿\Mobile uploads\QVZlUjl1bW9oUk1YYXkyXw.jpeg,SKIP (Dest Dupe),-,Target exists
D:\Takeout\Takeout\Google 相簿\Mobile uploads\QVZlUmd0bV9KRENzdmNPNg.jpeg,SKIP (Dest Dupe),-,Target exists
D:\Takeout\Takeout\Google 相簿\Mobile uploads\QVZlUEZRMldFRzdyYXBGUw.jpeg,SKIP (Dest Dupe),-,Target exists
D:\Takeout\Takeout\Google 相簿\Mobile uploads\QVZlSWZDRzg0TnBjbUd5Ng.jpeg,SKIP (Dest Dupe),-,Target exists
D:\Takeout\Takeout\Google 相簿\Mobile uploads\QVZmcG1aZVM0S2ZpMGJmZA.jpeg,SKIP (Dest Dupe),-,Target exists
D:\Takeout\Takeout\Google 相簿\Mobile uploads\QVZmanNvc3NlS0hqckh4NA.jpeg,SKIP (Dest Dupe),-,Target exists
D:\Takeout\Takeout\Google 相簿\Mobile uploads\QVZlV05odHdJQXJaR1ppbA.jpeg,SKIP (Dest Dupe),-,Target exists
D:\Takeout\Takeout\Google 相簿\Mobile uploads\QVZlVFZUU0lnRVRUZFIzdA.jpeg,SKIP (Dest Dupe),-,Target exists
D:\Takeout\Takeout\Google 相簿\Mobile uploads\QVZlTXFHWjc2Vm40d3RTRg.jpeg,SKIP (Dest Dupe),-,Target exists
D:\Takeout\Takeout\Google 相簿\Mobile uploads\QVZmcWYwb2d4eUw2eTIybQ.jpeg,SKIP (Dest Dupe),-,Target exists
D:\Takeout\Takeout\Google 相簿\Mobile uploads\QVZmQzRTek1QMk43cnZxTw.jpeg,SKIP (Dest Dupe),-,Target exists
D:\Takeout\Takeout\Google 相簿\Mobile uploads\QVZmeGV4U3VzdFN0eTZNbw.jpeg,SKIP (Dest Dupe),-,Target exists
D:\Takeout\Takeout\Google 相簿\Mobile uploads\QVZmc2VMaVhLeVlXMWpheQ.jpeg,SKIP (Dest Dupe),-,Target exists
D:\Takeout\Takeout\Google 相簿\Mobile uploads\QVZmMHp0cXRoRFoyLVkwQQ.jpeg,SKIP (Dest Dupe),-,Target exists
D:\Takeout\Takeout\Google 相簿\Mobile uploads\QVZmb2R3TnItc1JqZDA0Qw.jpeg,SKIP (Dest Dupe),-,Target exists
D:\Takeout\Takeout\Google 相簿\Mobile uploads\QVZmQk1NcGQ1MEI5WkttaQ.jpeg,SKIP (Dest Dupe),-,Target exists
D:\Takeout\Takeout\Google 相簿\Mobile uploads\QVZlWFB4MS16LXpoaDZNUg.jpeg,SKIP (Dest Dupe),-,Target exists
D:\Takeout\Takeout\Google 相簿\Mobile uploads\QVZmUHNuSzhBVVV3amo0Wg.jpeg,SKIP (Dest Dupe),-,Target exists
D:\Takeout\Takeout\Google 相簿\Mobile uploads\QVZmSjVnTWxBZHJIMzNGaA.jpeg,SKIP (Dest Dupe),-,Target exists
D:\Takeout\Takeout\Google 相簿\Mobile uploads\QVZmRGM1d01GdnVGX0ZXcQ.jpeg,SKIP (Dest Dupe),-,Target exists
D:\Takeout\Takeout\Google 相簿\Mobile uploads\QVZmRzRkTjVheWRuRU54Vw.jpeg,SKIP (Dest Dupe),-,Target exists
D:\Takeout\Takeout\Google 相簿\Mobile uploads\QVZmVmVyS1RLMVBscXFUMg.jpeg,SKIP (Dest Dupe),-,Target exists
D:\Takeout\Takeout\Google 相簿\Mobile uploads\QVZmV0dGYmEwUlBUR2VGVA.jpeg,SKIP (Dest Dupe),-,Target exists
D:\Takeout\Takeout\Google 相簿\Mobile uploads\QVZmMklOTUlPUTlEdnhrRA.jpeg,SKIP (Dest Dupe),-,Target exists
D:\Takeout\Takeout\Google 相簿\Mobile uploads\QVZmTU9RbHJaNC1HWkNRdQ.jpeg,SKIP (Dest Dupe),-,Target exists
D:\Takeout\Takeout\Google 相簿\Mobile uploads\QVZmUVlyUHYzc3BteDlrbQ.jpeg,SKIP (Dest Dupe),-,Target exists
D:\Takeout\Takeout\Google 相簿\Mobile uploads\QVZmZnlscXYza1h1bDlFWQ.jpeg,SKIP (Dest Dupe),-,Target exists
D:\Takeout\Takeout\Google 相簿\Profile pictures\QVZjTHlUWmxPZDdiSlFMVw.jpeg,SKIP (Dest Dupe),-,Target exists
D:\Takeout\Takeout\Google 相簿\Mobile uploads\QVZmZk14WDl2YnkwNHAzdA.jpeg,SKIP (Dest Dupe),-,Target exists
D:\Takeout\Takeout\Google 相簿\Profile pictures\QVZkcnVSUVdtazZHMmowQQ.jpeg,SKIP (Dest Dupe),-,Target exists
D:\Takeout\Takeout\Google 相簿\Profile pictures\QVZjM3kwM2NIeVIxbW9ZYQ.jpeg,SKIP (Dest Dupe),-,Target exists
D:\Takeout\Takeout\Google 相簿\Profile pictures\QVZlMldoU3R0RVJHbXJ3ZQ.jpeg,SKIP (Dest Dupe),-,Target exists
D:\Takeout\Takeout\Google 相簿\Timeline photos\QVZjdTNkRDJHZkN1RFNMMw.jpeg,SKIP (Dest Dupe),-,Target exists
D:\Takeout\Takeout\Google 相簿\Timeline photos\QVZjLVJoVTdIeFpvOVpsYg.jpeg,SKIP (Dest Dupe),-,Target exists
D:\Takeout\Takeout\Google 相簿\Profile pictures\QVZldWxrTGRyOHBweXZ6eA.jpeg,SKIP (Dest Dupe),-,Target exists
D:\Takeout\Takeout\Google 相簿\Profile pictures\QVZmNUpUZ2ZqS1c3Q0k4ZQ.jpeg,SKIP (Dest Dupe),-,Target exists
D:\Takeout\Takeout\Google 相簿\Profile pictures\QVZlLWViVVpiLXpYZ3IzNg.jpeg,SKIP (Dest Dupe),-,Target exists
D:\Takeout\Takeout\Google 相簿\Lan Yu\QVZkb19FZWVMSTNNek1WRA.jpeg,SKIP (Dest Dupe),-,Target exists
D:\Takeout\Takeout\Google 相簿\Mobile uploads\QVZmVTdfdDZ4N08yb3Z0RA.jpeg,SKIP (Dest Dupe),-,Target exists
D:\Takeout\Takeout\Google 相簿\Timeline photos\QVZjMUdVdk9ka2RQZmMtTw.jpeg,SKIP (Dest Dupe),-,Target exists
D:\Takeout\Takeout\Google 相簿\Timeline photos\QVZkaVFzUW85LTVnMS0wRw.jpeg,SKIP (Dest Dupe),-,Target exists
D:\Takeout\Takeout\Google 相簿\Timeline photos\QVZjLXJOR1lGVHhhZWJQbA.jpeg,SKIP (Dest Dupe),-,Target exists
D:\Takeout\Takeout\Google 相簿\Timeline photos\QVZka2NwQXlxTDFYOEdILQ.jpeg,SKIP (Dest Dupe),-,Target exists
D:\Takeout\Takeout\Google 相簿\Mobile uploads\QVZmWTl1RjRZelp3X3VEdQ.jpeg,SKIP (Dest Dupe),-,Target exists
D:\Takeout\Takeout\Google 相簿\Timeline photos\QVZjTFVSa2dCd20yU2Z2Ug.jpeg,SKIP (Dest Dupe),-,Target exists
D:\Takeout\Takeout\Google 相簿\Timeline photos\QVZjQTRCVkd0Zm5xa1lJeA.jpeg,SKIP (Dest Dupe),-,Target exists
D:\Takeout\Takeout\Google 相簿\Timeline photos\QVZkT3RNVDVIWjZBY3d1UA.jpeg,SKIP (Dest Dupe),-,Target exists
D:\Takeout\Takeout\Google 相簿\Timeline photos\QVZkUnhuVHRsUVJQOTNuSw.jpeg,SKIP (Dest Dupe),-,Target exists
D:\Takeout\Takeout\Google 相簿\Timeline photos\QVZjRklJY1Y5SFgwTUx0UQ.jpeg,SKIP (Dest Dupe),-,Target exists
D:\Takeout\Takeout\Google 相簿\Timeline photos\QVZjLTVnUl9VdUdxZzZETg.jpeg,SKIP (Dest Dupe),-,Target exists
D:\Takeout\Takeout\Google 相簿\Timeline photos\QVZkdGtwbXg0bWVJVXpFTA.jpeg,SKIP (Dest Dupe),-,Target exists
D:\Takeout\Takeout\Google 相簿\Timeline photos\QVZlbm9QY1hMYnRXRVJzTw.jpeg,SKIP (Dest Dupe),-,Target exists
D:\Takeout\Takeout\Google 相簿\Timeline photos\QVZkNG9VZkNranhaQ2NHWg.jpeg,SKIP (Dest Dupe),-,Target exists
D:\Takeout\Takeout\Google 相簿\Timeline photos\QVZlejNUcm9MRmJ0cVRONg.jpeg,SKIP (Dest Dupe),-,Target exists
D:\Takeout\Takeout\Google 相簿\Timeline photos\QVZla0FpUHBWTGZKdlhOdA.jpeg,SKIP (Dest Dupe),-,Target exists
D:\Takeout\Takeout\Google 相簿\Timeline photos\QVZlMFRuX25aQ1pmYTZQNw.jpeg,SKIP (Dest Dupe),-,Target exists
D:\Takeout\Takeout\Google 相簿\Timeline photos\QVZkTVFZN2xKUlhrd2Fpcw.jpeg,SKIP (Dest Dupe),-,Target exists
D:\Takeout\Takeout\Google 相簿\Timeline photos\QVZmOHVjSUE4QnVBOVNabA.jpeg,SKIP (Dest Dupe),-,Target exists
D:\Takeout\Takeout\Google 相簿\Timeline photos\QVZkNmNFR1Zaa1JlMkRfaQ.jpeg,SKIP (Dest Dupe),-,Target exists
D:\Takeout\Takeout\Google 相簿\Timeline photos\QVZkUTVuc2UwWEpDX0NCdg.jpeg,SKIP (Dest Dupe),-,Target exists
D:\Takeout\Takeout\Google 相簿\Timeline photos\QVZmWkZLbTI3OEJwYUlvcA.jpeg,SKIP (Dest Dupe),-,Target exists
D:\Takeout\Takeout\Google 相簿\Mobile uploads\QVZmT3p4cWlwdW1vb0NqOQ.jpeg,SKIP (Dest Dupe),-,Target exists
D:\Takeout\Takeout\Google 相簿\Timeline photos\QVZmUnQzZWJVZ1hWTG5fcw.jpeg,SKIP (Dest Dupe),-,Target exists
D:\Takeout\Takeout\Google 相簿\Timeline photos\QVZlUEdEXzhicEplWDhZbA.jpeg,SKIP (Dest Dupe),-,Target exists
D:\Takeout\Takeout\Google 相簿\Timeline photos\QVZlWlBrd2tud2t4dlBlQQ.jpeg,SKIP (Dest Dupe),-,Target exists
D:\Takeout\Takeout\Google 相簿\Timeline photos\QVZlcWlWdi16a25ucms1Vw.jpeg,SKIP (Dest Dupe),-,Target exists
D:\Takeout\Takeout\Google 相簿\Timeline photos\QVZmYlhjdEZQdTNoUV9ROQ.jpeg,SKIP (Dest Dupe),-,Target exists
D:\Takeout\Takeout\Google 相簿\未命名\IMG_4262.HEIC,SKIP (Dest Dupe),-,Target exists
D:\Takeout\Takeout\Google 相簿\未命名\IMG_4258.HEIC,SKIP (Dest Dupe),-,Target exists
D:\Takeout\Takeout\Google 相簿\未命名\IMG_4265.HEIC,SKIP (Dest Dupe),-,Target exists
D:\Takeout\Takeout\Google 相簿\未命名\IMG_4267.HEIC,SKIP (Dest Dupe),-,Target exists
D:\Takeout\Takeout\Google 相簿\未命名\IMG_4264.HEIC,SKIP (Dest Dupe),-,Target exists
D:\Takeout\Takeout\Google 相簿\未命名\IMG_4268.HEIC,SKIP (Dest Dupe),-,Target exists
D:\Takeout\Takeout\Google 相簿\未命名\IMG_4263.HEIC,SKIP (Dest Dupe),-,Target exists
D:\Takeout\Takeout\Google 相簿\未命名\HEIF影像.heic,SKIP (Dest Dupe),-,Target exists
D:\Takeout\Takeout\Google 相簿\未命名\IMG_4332.HEIC,SKIP (Dest Dupe),-,Target exists
D:\Takeout\Takeout\Google 相簿\未命名\IMG_4259.HEIC,SKIP (Dest Dupe),-,Target exists
D:\Takeout\Takeout\Google 相簿\未命名\IMG_4489.HEIC,SKIP (Dest Dupe),-,Target exists
D:\Takeout\Takeout\Google 相簿\未命名\IMG_4491.HEIC,SKIP (Dest Dupe),-,Target exists
D:\Takeout\Takeout\Google 相簿\未命名\IMG_4488.HEIC,SKIP (Dest Dupe),-,Target exists
D:\Takeout\Takeout\Google 相簿\未命名\IMG_4490.HEIC,SKIP (Dest Dupe),-,Target exists
D:\Takeout\Takeout\Google 相簿\未命名\IMG_4494.HEIC,SKIP (Dest Dupe),-,Target exists
D:\Takeout\Takeout\Google 相簿\未命名\IMG_4496.HEIC,SKIP (Dest Dupe),-,Target exists
D:\Takeout\Takeout\Google 相簿\未命名\IMG_4508.HEIC,SKIP (Dest Dupe),-,Target exists
D:\Takeout\Takeout\Google 相簿\未命名\IMG_4501.HEIC,SKIP (Dest Dupe),-,Target exists
D:\Takeout\Takeout\Google 相簿\未命名\IMG_4281.HEIC,SKIP (Dest Dupe),-,Target exists
D:\Takeout\Takeout\Google 相簿\未命名\IMG_4511.HEIC,SKIP (Dest Dupe),-,Target exists
D:\Takeout\Takeout\Google 相簿\未命名\IMG_4515.HEIC,SKIP (Dest Dupe),-,Target exists
D:\Takeout\Takeout\Google 相簿\未命名\IMG_4369.MOV,SKIP (Dest Dupe),-,Target exists
D:\Takeout\Takeout\Google 相簿\未命名\IMG_4516.HEIC,SKIP (Dest Dupe),-,Target exists
D:\Takeout\Takeout\Google 相簿\未命名\IMG_4520.HEIC,SKIP (Dest Dupe),-,Target exists
D:\Takeout\Takeout\Google 相簿\未命名\IMG_4518.HEIC,SKIP (Dest Dupe),-,Target exists
D:\Takeout\Takeout\Google 相簿\未命名\IMG_4371.MOV,SKIP (Dest Dupe),-,Target exists
D:\Takeout\Takeout\Google 相簿\未命名\IMG_4502.HEIC,SKIP (Dest Dupe),-,Target exists
D:\Takeout\Takeout\Google 相簿\未命名\IMG_4522.HEIC,SKIP (Dest Dupe),-,Target exists
D:\Takeout\Takeout\Google 相簿\未命名\IMG_4529.HEIC,SKIP (Dest Dupe),-,Target exists
D:\Takeout\Takeout\Google 相簿\未命名\IMG_4534.HEIC,SKIP (Dest Dupe),-,Target exists
D:\Takeout\Takeout\Google 相簿\未命名\IMG_4530.HEIC,SKIP (Dest Dupe),-,Target exists
D:\Takeout\Takeout\Google 相簿\未命名\IMG_4523.HEIC,SKIP (Dest Dupe),-,Target exists
D:\Takeout\Takeout\Google 相簿\未命名\IMG_4521.HEIC,SKIP (Dest Dupe),-,Target exists
D:\Takeout\Takeout\Google 相簿\未命名\IMG_4537.HEIC,SKIP (Dest Dupe),-,Target exists
D:\Takeout\Takeout\Google 相簿\未命名\IMG_4539.HEIC,SKIP (Dest Dupe),-,Target exists
D:\Takeout\Takeout\Google 相簿\未命名\IMG_4528.HEIC,SKIP (Dest Dupe),-,Target exists
D:\Takeout\Takeout\Google 相簿\未命名\IMG_4514.HEIC,SKIP (Dest Dupe),-,Target exists
D:\Takeout\Takeout\Google 相簿\未命名\IMG_4538.HEIC,SKIP (Dest Dupe),-,Target exists
D:\Takeout\Takeout\Google 相簿\未命名\IMG_4575.HEIC,SKIP (Dest Dupe),-,Target exists
D:\Takeout\Takeout\Google 相簿\未命名\IMG_4578.JPG,SKIP (Dest Dupe),-,Target exists
D:\Takeout\Takeout\Google 相簿\未命名\IMG_4571.HEIC,SKIP (Dest Dupe),-,Target exists
D:\Takeout\Takeout\Google 相簿\未命名\IMG_4580.JPG,SKIP (Dest Dupe),-,Target exists
D:\Takeout\Takeout\Google 相簿\未命名\IMG_4576.HEIC,SKIP (Dest Dupe),-,Target exists
D:\Takeout\Takeout\Google 相簿\未命名\IMG_4540.HEIC,SKIP (Dest Dupe),-,Target exists
D:\Takeout\Takeout\Google 相簿\未命名\IMG_4574.HEIC,SKIP (Dest Dupe),-,Target exists
D:\Takeout\Takeout\Google 相簿\未命名\IMG_4577.HEIC,SKIP (Dest Dupe),-,Target exists
D:\Takeout\Takeout\Google 相簿\未命名\IMG_4595.HEIC,SKIP (Dest Dupe),-,Target exists
D:\Takeout\Takeout\Google 相簿\未命名\IMG_4596.HEIC,SKIP (Dest Dupe),-,Target exists
D:\Takeout\Takeout\Google 相簿\未命名\IMG_4593.HEIC,SKIP (Dest Dupe),-,Target exists
D:\Takeout\Takeout\Google 相簿\未命名\IMG_4599.HEIC,SKIP (Dest Dupe),-,Target exists
D:\Takeout\Takeout\Google 相簿\未命名\IMG_4598.HEIC,SKIP (Dest Dupe),-,Target exists
D:\Takeout\Takeout\Google 相簿\未命名\IMG_4602.HEIC,SKIP (Dest Dupe),-,Target exists
D:\Takeout\Takeout\Google 相簿\未命名\IMG_4600.HEIC,SKIP (Dest Dupe),-,Target exists
D:\Takeout\Takeout\Google 相簿\未命名\IMG_4603.HEIC,SKIP (Dest Dupe),-,Target exists
D:\Takeout\Takeout\Google 相簿\未命名\IMG_4604.HEIC,SKIP (Dest Dupe),-,Target exists
D:\Takeout\Takeout\Google 相簿\未命名\IMG_4649.HEIC,SKIP (Dest Dupe),-,Target exists
D:\Takeout\Takeout\Google 相簿\未命名\IMG_4650.HEIC,SKIP (Dest Dupe),-,Target exists
D:\Takeout\Takeout\Google 相簿\未命名\IMG_4597.HEIC,SKIP (Dest Dupe),-,Target exists
D:\Takeout\Takeout\Google 相簿\未命名\IMG_4606.HEIC,SKIP (Dest Dupe),-,Target exists
D:\Takeout\Takeout\Google 相簿\未命名\IMG_4656.HEIC,SKIP (Dest Dupe),-,Target exists
D:\Takeout\Takeout\Google 相簿\未命名\IMG_4682.HEIC,SKIP (Dest Dupe),-,Target exists
D:\Takeout\Takeout\Google 相簿\未命名\IMG_4684.HEIC,SKIP (Dest Dupe),-,Target exists
D:\Takeout\Takeout\Google 相簿\未命名\IMG_4657.HEIC,SKIP (Dest Dupe),-,Target exists
D:\Takeout\Takeout\Google 相簿\未命名\IMG_4658.HEIC,SKIP (Dest Dupe),-,Target exists
D:\Takeout\Takeout\Google 相簿\未命名\IMG_4683.HEIC,SKIP (Dest Dupe),-,Target exists
D:\Takeout\Takeout\Google 相簿\未命名\IMG_4690.HEIC,SKIP (Dest Dupe),-,Target exists
D:\Takeout\Takeout\Google 相簿\未命名\IMG_4686.HEIC,SKIP (Dest Dupe),-,Target exists
D:\Takeout\Takeout\Google 相簿\未命名\IMG_4689.HEIC,SKIP (Dest Dupe),-,Target exists
D:\Takeout\Takeout\Google 相簿\未命名\IMG_4691.HEIC,SKIP (Dest Dupe),-,Target exists
D:\Takeout\Takeout\Google 相簿\未命名\IMG_4687.HEIC,SKIP (Dest Dupe),-,Target exists
D:\Takeout\Takeout\Google 相簿\未命名\IMG_4693.HEIC,SKIP (Dest Dupe),-,Target exists
D:\Takeout\Takeout\Google 相簿\未命名\IMG_4692.HEIC,SKIP (Dest Dupe),-,Target exists
D:\Takeout\Takeout\Google 相簿\未命名\IMG_4695.HEIC,SKIP (Dest Dupe),-,Target exists
D:\Takeout\Takeout\Google 相簿\未命名\IMG_4697.HEIC,SKIP (Dest Dupe),-,Target exists
D:\Takeout\Takeout\Google 相簿\未命名\IMG_4698.HEIC,SKIP (Dest Dupe),-,Target exists
D:\Takeout\Takeout\Google 相簿\未命名\IMG_4699.HEIC,SKIP (Dest Dupe),-,Target exists
D:\Takeout\Takeout\Google 相簿\未命名\IMG_4700.HEIC,SKIP (Dest Dupe),-,Target exists
D:\Takeout\Takeout\Google 相簿\未命名\IMG_4704.HEIC,SKIP (Dest Dupe),-,Target exists
D:\Takeout\Takeout\Google 相簿\未命名\IMG_4705.HEIC,SKIP (Dest Dupe),-,Target exists
D:\Takeout\Takeout\Google 相簿\未命名\IMG_4707.HEIC,SKIP (Dest Dupe),-,Target exists
D:\Takeout\Takeout\Google 相簿\未命名\IMG_4708.HEIC,SKIP (Dest Dupe),-,Target exists
D:\Takeout\Takeout\Google 相簿\未命名\IMG_4696.HEIC,SKIP (Dest Dupe),-,Target exists
D:\Takeout\Takeout\Google 相簿\未命名\IMG_4709.HEIC,SKIP (Dest Dupe),-,Target exists
D:\Takeout\Takeout\Google 相簿\未命名\IMG_4711.HEIC,SKIP (Dest Dupe),-,Target exists
D:\Takeout\Takeout\Google 相簿\未命名\IMG_4712.HEIC,SKIP (Dest Dupe),-,Target exists
D:\Takeout\Takeout\Google 相簿\未命名\IMG_4710.HEIC,SKIP (Dest Dupe),-,Target exists
D:\Takeout\Takeout\Google 相簿\未命名\IMG_4714.HEIC,SKIP (Dest Dupe),-,Target exists
D:\Takeout\Takeout\Google 相簿\未命名\IMG_4725.HEIC,SKIP (Dest Dupe),-,Target exists
D:\Takeout\Takeout\Google 相簿\未命名\IMG_4713.HEIC,SKIP (Dest Dupe),-,Target exists
D:\Takeout\Takeout\Google 相簿\未命名\IMG_4552.MOV,SKIP (Dest Dupe),-,Target exists
D:\Takeout\Takeout\Google 相簿\未命名\IMG_4722.HEIC,SKIP (Dest Dupe),-,Target exists
D:\Takeout\Takeout\Google 相簿\未命名\IMG_4735.HEIC,SKIP (Dest Dupe),-,Target exists
D:\Takeout\Takeout\Google 相簿\未命名\IMG_4723.HEIC,SKIP (Dest Dupe),-,Target exists
D:\Takeout\Takeout\Google 相簿\未命名\IMG_4758.HEIC,SKIP (Dest Dupe),-,Target exists
D:\Takeout\Takeout\Google 相簿\未命名\IMG_4763.HEIC,SKIP (Dest Dupe),-,Target exists
D:\Takeout\Takeout\Google 相簿\未命名\IMG_4762.HEIC,SKIP (Dest Dupe),-,Target exists
D:\Takeout\Takeout\Google 相簿\未命名\IMG_4779.HEIC,SKIP (Dest Dupe),-,Target exists
D:\Takeout\Takeout\Google 相簿\未命名\IMG_4782.HEIC,SKIP (Dest Dupe),-,Target exists
D:\Takeout\Takeout\Google 相簿\未命名\IMG_4784.HEIC,SKIP (Dest Dupe),-,Target exists
D:\Takeout\Takeout\Google 相簿\未命名\IMG_4368.MOV,SKIP (Dest Dupe),-,Target exists
D:\Takeout\Takeout\Google 相簿\未命名\IMG_4780.HEIC,SKIP (Dest Dupe),-,Target exists
D:\Takeout\Takeout\Google 相簿\未命名\IMG_4781.HEIC,SKIP (Dest Dupe),-,Target exists
D:\Takeout\Takeout\Google 相簿\未命名\IMG_4785.HEIC,SKIP (Dest Dupe),-,Target exists
D:\Takeout\Takeout\Google 相簿\未命名\IMG_4786.HEIC,SKIP (Dest Dupe),-,Target exists
D:\Takeout\Takeout\Google 相簿\未命名\IMG_4792.HEIC,SKIP (Dest Dupe),-,Target exists
D:\Takeout\Takeout\Google 相簿\未命名\IMG_4791.HEIC,SKIP (Dest Dupe),-,Target exists
D:\Takeout\Takeout\Google 相簿\未命名\IMG_4789.JPG,SKIP (Dest Dupe),-,Target exists
D:\Takeout\Takeout\Google 相簿\未命名\IMG_4800.HEIC,SKIP (Dest Dupe),-,Target exists
D:\Takeout\Takeout\Google 相簿\未命名\IMG_4793.HEIC,SKIP (Dest Dupe),-,Target exists
D:\Takeout\Takeout\Google 相簿\未命名\IMG_4804.HEIC,SKIP (Dest Dupe),-,Target exists
D:\Takeout\Takeout\Google 相簿\未命名\IMG_4807.HEIC,SKIP (Dest Dupe),-,Target exists
D:\Takeout\Takeout\Google 相簿\未命名\IMG_4802.HEIC,SKIP (Dest Dupe),-,Target exists
D:\Takeout\Takeout\Google 相簿\未命名\IMG_4815.HEIC,SKIP (Dest Dupe),-,Target exists
D:\Takeout\Takeout\Google 相簿\未命名\IMG_4806.HEIC,SKIP (Dest Dupe),-,Target exists
D:\Takeout\Takeout\Google 相簿\未命名\IMG_4814.HEIC,SKIP (Dest Dupe),-,Target exists
D:\Takeout\Takeout\Google 相簿\未命名\IMG_4794.HEIC,SKIP (Dest Dupe),-,Target exists
D:\Takeout\Takeout\Google 相簿\未命名\IMG_4816.HEIC,SKIP (Dest Dupe),-,Target exists
D:\Takeout\Takeout\Google 相簿\未命名\IMG_4821.HEIC,SKIP (Dest Dupe),-,Target exists
D:\Takeout\Takeout\Google 相簿\未命名\IMG_4819.HEIC,SKIP (Dest Dupe),-,Target exists
D:\Takeout\Takeout\Google 相簿\未命名\IMG_4823.HEIC,SKIP (Dest Dupe),-,Target exists
D:\Takeout\Takeout\Google 相簿\未命名\IMG_4822.HEIC,SKIP (Dest Dupe),-,Target exists
D:\Takeout\Takeout\Google 相簿\未命名\IMG_4760.MOV,SKIP (Dest Dupe),-,Target exists
D:\Takeout\Takeout\Google 相簿\未命名\IMG_4825.HEIC,SKIP (Dest Dupe),-,Target exists
D:\Takeout\Takeout\Google 相簿\未命名\IMG_4820.HEIC,SKIP (Dest Dupe),-,Target exists
D:\Takeout\Takeout\Google 相簿\未命名\IMG_4833.HEIC,SKIP (Dest Dupe),-,Target exists
D:\Takeout\Takeout\Google 相簿\未命名\IMG_4846.HEIC,SKIP (Dest Dupe),-,Target exists
D:\Takeout\Takeout\Google 相簿\未命名\IMG_4847.HEIC,SKIP (Dest Dupe),-,Target exists
D:\Takeout\Takeout\Google 相簿\未命名\IMG_4852.HEIC,SKIP (Dest Dupe),-,Target exists
D:\Takeout\Takeout\Google 相簿\未命名\IMG_4854.HEIC,SKIP (Dest Dupe),-,Target exists
D:\Takeout\Takeout\Google 相簿\未命名\IMG_4855.HEIC,SKIP (Dest Dupe),-,Target exists
D:\Takeout\Takeout\Google 相簿\未命名\IMG_4845.MOV,SKIP (Dest Dupe),-,Target exists
D:\Takeout\Takeout\Google 相簿\未命名\IMG_4834.MOV,SKIP (Dest Dupe),-,Target exists
D:\Takeout\Takeout\Google 相簿\未命名\IMG_4756.MOV,SKIP (Dest Dupe),-,Target exists
D:\Takeout\Takeout\Google 相簿\未命名\IMG_4857.HEIC,SKIP (Dest Dupe),-,Target exists
D:\Takeout\Takeout\Google 相簿\未命名\IMG_4856.HEIC,SKIP (Dest Dupe),-,Target exists
D:\Takeout\Takeout\Google 相簿\未命名\IMG_4860.HEIC,SKIP (Dest Dupe),-,Target exists
D:\Takeout\Takeout\Google 相簿\未命名\IMG_4864.HEIC,SKIP (Dest Dupe),-,Target exists
D:\Takeout\Takeout\Google 相簿\未命名\IMG_4866.HEIC,SKIP (Dest Dupe),-,Target exists
D:\Takeout\Takeout\Google 相簿\未命名\IMG_4863.HEIC,SKIP (Dest Dupe),-,Target exists
D:\Takeout\Takeout\Google 相簿\未命名\IMG_4872.HEIC,SKIP (Dest Dupe),-,Target exists
D:\Takeout\Takeout\Google 相簿\未命名\IMG_4867.HEIC,SKIP (Dest Dupe),-,Target exists
D:\Takeout\Takeout\Google 相簿\未命名\IMG_4869.HEIC,SKIP (Dest Dupe),-,Target exists
D:\Takeout\Takeout\Google 相簿\未命名\IMG_4873.HEIC,SKIP (Dest Dupe),-,Target exists
D:\Takeout\Takeout\Google 相簿\未命名\IMG_4871.HEIC,SKIP (Dest Dupe),-,Target exists
D:\Takeout\Takeout\Google 相簿\未命名\IMG_4565.MOV,SKIP (Dest Dupe),-,Target exists
D:\Takeout\Takeout\Google 相簿\未命名\IMG_4881.HEIC,SKIP (Dest Dupe),-,Target exists
D:\Takeout\Takeout\Google 相簿\未命名\IMG_4884.HEIC,SKIP (Dest Dupe),-,Target exists
D:\Takeout\Takeout\Google 相簿\未命名\IMG_4839.MOV,SKIP (Dest Dupe),-,Target exists
D:\Takeout\Takeout\Google 相簿\未命名\IMG_4886.HEIC,SKIP (Dest Dupe),-,Target exists
D:\Takeout\Takeout\Google 相簿\未命名\IMG_4889.HEIC,SKIP (Dest Dupe),-,Target exists
D:\Takeout\Takeout\Google 相簿\未命名\IMG_4888.HEIC,SKIP (Dest Dupe),-,Target exists
D:\Takeout\Takeout\Google 相簿\未命名\IMG_4887.HEIC,SKIP (Dest Dupe),-,Target exists
D:\Takeout\Takeout\Google 相簿\未命名\IMG_4882.HEIC,SKIP (Dest Dupe),-,Target exists
D:\Takeout\Takeout\Google 相簿\未命名\IMG_4859.HEIC,SKIP (Dest Dupe),-,Target exists
D:\Takeout\Takeout\Google 相簿\未命名\IMG_4892.HEIC,SKIP (Dest Dupe),-,Target exists
D:\Takeout\Takeout\Google 相簿\未命名\IMG_4895.HEIC,SKIP (Dest Dupe),-,Target exists
D:\Takeout\Takeout\Google 相簿\未命名\IMG_4894.HEIC,SKIP (Dest Dupe),-,Target exists
D:\Takeout\Takeout\Google 相簿\未命名\IMG_4900.HEIC,SKIP (Dest Dupe),-,Target exists
D:\Takeout\Takeout\Google 相簿\未命名\IMG_4924.JPG,SKIP (Dest Dupe),-,Target exists
D:\Takeout\Takeout\Google 相簿\未命名\IMG_4896.HEIC,SKIP (Dest Dupe),-,Target exists
D:\Takeout\Takeout\Google 相簿\未命名\IMG_4641.MOV,SKIP (Dest Dupe),-,Target exists
D:\Takeout\Takeout\Google 相簿\未命名\IMG_4985.JPG,SKIP (Dest Dupe),-,Target exists
D:\Takeout\Takeout\Google 相簿\未命名\IMG_4987.JPG,SKIP (Dest Dupe),-,Target exists
D:\Takeout\Takeout\Google 相簿\未命名\IMG_4897.HEIC,SKIP (Dest Dupe),-,Target exists
D:\Takeout\Takeout\Google 相簿\未命名\IMG_4930.HEIC,SKIP (Dest Dupe),-,Target exists
D:\Takeout\Takeout\Google 相簿\未命名\IMG_4898.HEIC,SKIP (Dest Dupe),-,Target exists
D:\Takeout\Takeout\Google 相簿\未命名\IMG_4901.HEIC,SKIP (Dest Dupe),-,Target exists
D:\Takeout\Takeout\Google 相簿\未命名\IMG_5095.JPG,SKIP (Dest Dupe),-,Target exists
D:\Takeout\Takeout\Google 相簿\未命名\IMG_5073.HEIC,SKIP (Dest Dupe),-,Target exists
D:\Takeout\Takeout\Google 相簿\未命名\IMG_5107.HEIC,SKIP (Dest Dupe),-,Target exists
D:\Takeout\Takeout\Google 相簿\未命名\IMG_5108.HEIC,SKIP (Dest Dupe),-,Target exists
D:\Takeout\Takeout\Google 相簿\未命名\IMG_5109.HEIC,SKIP (Dest Dupe),-,Target exists
D:\Takeout\Takeout\Google 相簿\未命名\IMG_4922.MOV,SKIP (Dest Dupe),-,Target exists
D:\Takeout\Takeout\Google 相簿\未命名\IMG_5112.HEIC,SKIP (Dest Dupe),-,Target exists
D:\Takeout\Takeout\Google 相簿\未命名\IMG_5110.HEIC,SKIP (Dest Dupe),-,Target exists
D:\Takeout\Takeout\Google 相簿\未命名\IMG_5114.HEIC,SKIP (Dest Dupe),-,Target exists
D:\Takeout\Takeout\Google 相簿\未命名\IMG_5113.HEIC,SKIP (Dest Dupe),-,Target exists
D:\Takeout\Takeout\Google 相簿\未命名\IMG_5127.HEIC,SKIP (Dest Dupe),-,Target exists
D:\Takeout\Takeout\Google 相簿\未命名\IMG_5115.HEIC,SKIP (Dest Dupe),-,Target exists
D:\Takeout\Takeout\Google 相簿\未命名\IMG_5175.HEIC,SKIP (Dest Dupe),-,Target exists
D:\Takeout\Takeout\Google 相簿\未命名\IMG_4926.MOV,SKIP (Dest Dupe),-,Target exists
D:\Takeout\Takeout\Google 相簿\未命名\IMG_5129.MOV,SKIP (Dest Dupe),-,Target exists
D:\Takeout\Takeout\Google 相簿\未命名\IMG_5196.HEIC,SKIP (Dest Dupe),-,Target exists
D:\Takeout\Takeout\Google 相簿\未命名\IMG_5195.HEIC,SKIP (Dest Dupe),-,Target exists
D:\Takeout\Takeout\Google 相簿\未命名\IMG_4933.MOV,SKIP (Dest Dupe),-,Target exists
D:\Takeout\Takeout\Google 相簿\未命名\IMG_5249.HEIC,SKIP (Dest Dupe),-,Target exists
D:\Takeout\Takeout\Google 相簿\未命名\IMG_5299.HEIC,SKIP (Dest Dupe),-,Target exists
D:\Takeout\Takeout\Google 相簿\未命名\IMG_5250.HEIC,SKIP (Dest Dupe),-,Target exists
D:\Takeout\Takeout\Google 相簿\未命名\IMG_5301.HEIC,SKIP (Dest Dupe),-,Target exists
D:\Takeout\Takeout\Google 相簿\未命名\IMG_5300.HEIC,SKIP (Dest Dupe),-,Target exists
D:\Takeout\Takeout\Google 相簿\未命名\IMG_5297.HEIC,SKIP (Dest Dupe),-,Target exists
D:\Takeout\Takeout\Google 相簿\未命名\IMG_5306.HEIC,SKIP (Dest Dupe),-,Target exists
D:\Takeout\Takeout\Google 相簿\未命名\IMG_5142.MOV,SKIP (Dest Dupe),-,Target exists
D:\Takeout\Takeout\Google 相簿\未命名\IMG_5309.HEIC,SKIP (Dest Dupe),-,Target exists
D:\Takeout\Takeout\Google 相簿\未命名\IMG_5311.HEIC,SKIP (Dest Dupe),-,Target exists
D:\Takeout\Takeout\Google 相簿\未命名\IMG_5312.HEIC,SKIP (Dest Dupe),-,Target exists
D:\Takeout\Takeout\Google 相簿\未命名\IMG_5304.HEIC,SKIP (Dest Dupe),-,Target exists
D:\Takeout\Takeout\Google 相簿\未命名\IMG_5323.HEIC,SKIP (Dest Dupe),-,Target exists
D:\Takeout\Takeout\Google 相簿\未命名\IMG_5320.HEIC,SKIP (Dest Dupe),-,Target exists
D:\Takeout\Takeout\Google 相簿\未命名\IMG_5319.HEIC,SKIP (Dest Dupe),-,Target exists
D:\Takeout\Takeout\Google 相簿\未命名\IMG_5317.HEIC,SKIP (Dest Dupe),-,Target exists
D:\Takeout\Takeout\Google 相簿\未命名\IMG_5315.HEIC,SKIP (Dest Dupe),-,Target exists
D:\Takeout\Takeout\Google 相簿\未命名\IMG_5324.HEIC,SKIP (Dest Dupe),-,Target exists
D:\Takeout\Takeout\Google 相簿\未命名\IMG_5330.HEIC,SKIP (Dest Dupe),-,Target exists
D:\Takeout\Takeout\Google 相簿\未命名\IMG_5334.HEIC,SKIP (Dest Dupe),-,Target exists
D:\Takeout\Takeout\Google 相簿\未命名\IMG_5335.HEIC,SKIP (Dest Dupe),-,Target exists
D:\Takeout\Takeout\Google 相簿\未命名\IMG_5333.HEIC,SKIP (Dest Dupe),-,Target exists
D:\Takeout\Takeout\Google 相簿\未命名\IMG_5331.HEIC,SKIP (Dest Dupe),-,Target exists
D:\Takeout\Takeout\Google 相簿\未命名\IMG_5336.HEIC,SKIP (Dest Dupe),-,Target exists
D:\Takeout\Takeout\Google 相簿\2018 年的相片\VID20181108160418.mp4,SKIP (Dest Dupe),-,Target exists
D:\Takeout\Takeout\Google 相簿\未命名\IMG_5458.HEIC,SKIP (Dest Dupe),-,Target exists
D:\Takeout\Takeout\Google 相簿\未命名\IMG_5338.HEIC,SKIP (Dest Dupe),-,Target exists
D:\Takeout\Takeout\Google 相簿\未命名\IMG_5459.HEIC,SKIP (Dest Dupe),-,Target exists
D:\Takeout\Takeout\Google 相簿\未命名\IMG_5457.HEIC,SKIP (Dest Dupe),-,Target exists
D:\Takeout\Takeout\Google 相簿\未命名\IMG_5460.HEIC,SKIP (Dest Dupe),-,Target exists
D:\Takeout\Takeout\Google 相簿\未命名\IMG_5456.HEIC,SKIP (Dest Dupe),-,Target exists
D:\Takeout\Takeout\Google 相簿\未命名\IMG_5464.HEIC,SKIP (Dest Dupe),-,Target exists
D:\Takeout\Takeout\Google 相簿\未命名\IMG_5465.HEIC,SKIP (Dest Dupe),-,Target exists
D:\Takeout\Takeout\Google 相簿\未命名\IMG_5466.HEIC,SKIP (Dest Dupe),-,Target exists
D:\Takeout\Takeout\Google 相簿\未命名\IMG_5463.HEIC,SKIP (Dest Dupe),-,Target exists
D:\Takeout\Takeout\Google 相簿\未命名\IMG_5462.HEIC,SKIP (Dest Dupe),-,Target exists
D:\Takeout\Takeout\Google 相簿\未命名\IMG_5339.MOV,SKIP (Dest Dupe),-,Target exists
D:\Takeout\Takeout\Google 相簿\未命名\IMG_5494.HEIC,SKIP (Dest Dupe),-,Target exists
D:\Takeout\Takeout\Google 相簿\未命名\IMG_5505.HEIC,SKIP (Dest Dupe),-,Target exists
D:\Takeout\Takeout\Google 相簿\未命名\IMG_5088.MOV,SKIP (Dest Dupe),-,Target exists
D:\Takeout\Takeout\Google 相簿\未命名\IMG_5500.HEIC,SKIP (Dest Dupe),-,Target exists
D:\Takeout\Takeout\Google 相簿\未命名\IMG_5502.HEIC,SKIP (Dest Dupe),-,Target exists
D:\Takeout\Takeout\Google 相簿\親朋好友\HEIF影像(1).heic,SKIP (Dest Dupe),-,Target exists
D:\Takeout\Takeout\Google 相簿\未命名\IMG_5503.HEIC,SKIP (Dest Dupe),-,Target exists
D:\Takeout\Takeout\Google 相簿\親朋好友\IMG_3898.HEIC,SKIP (Dest Dupe),-,Target exists
D:\Takeout\Takeout\Google 相簿\親朋好友\IMG_3899.HEIC,SKIP (Dest Dupe),-,Target exists
D:\Takeout\Takeout\Google 相簿\親朋好友\IMG_3906.HEIC,SKIP (Dest Dupe),-,Target exists
D:\Takeout\Takeout\Google 相簿\親朋好友\IMG_3796.HEIC,SKIP (Dest Dupe),-,Target exists
D:\Takeout\Takeout\Google 相簿\親朋好友\IMG_3907.HEIC,SKIP (Dest Dupe),-,Target exists
D:\Takeout\Takeout\Google 相簿\親朋好友\IMG_3910.HEIC,SKIP (Dest Dupe),-,Target exists
D:\Takeout\Takeout\Google 相簿\親朋好友\IMG_3913.HEIC,SKIP (Dest Dupe),-,Target exists
D:\Takeout\Takeout\Google 相簿\親朋好友\IMG_3914.HEIC,SKIP (Dest Dupe),-,Target exists
D:\Takeout\Takeout\Google 相簿\親朋好友\IMG_3916.HEIC,SKIP (Dest Dupe),-,Target exists
D:\Takeout\Takeout\Google 相簿\親朋好友\IMG_3915.HEIC,SKIP (Dest Dupe),-,Target exists
D:\Takeout\Takeout\Google 相簿\親朋好友\IMG_3905.MOV,SKIP (Dest Dupe),-,Target exists
D:\Takeout\Takeout\Google 相簿\親朋好友\IMG_3920.HEIC,SKIP (Dest Dupe),-,Target exists
D:\Takeout\Takeout\Google 相簿\親朋好友\IMG_3919.HEIC,SKIP (Dest Dupe),-,Target exists
D:\Takeout\Takeout\Google 相簿\親朋好友\IMG_3923.HEIC,SKIP (Dest Dupe),-,Target exists
D:\Takeout\Takeout\Google 相簿\親朋好友\IMG_3911.HEIC,SKIP (Dest Dupe),-,Target exists
D:\Takeout\Takeout\Google 相簿\未命名\IMG_5083.MOV,SKIP (Dest Dupe),-,Target exists
D:\Takeout\Takeout\Google 相簿\親朋好友\IMG_3931.HEIC,SKIP (Dest Dupe),-,Target exists
D:\Takeout\Takeout\Google 相簿\親朋好友\IMG_3902.MOV,SKIP (Dest Dupe),-,Target exists
D:\Takeout\Takeout\Google 相簿\親朋好友\IMG_3967.HEIC,SKIP (Dest Dupe),-,Target exists
D:\Takeout\Takeout\Google 相簿\親朋好友\IMG_3962.HEIC,SKIP (Dest Dupe),-,Target exists
D:\Takeout\Takeout\Google 相簿\未命名\IMG_5340.MOV,SKIP (Dest Dupe),-,Target exists
D:\Takeout\Takeout\Google 相簿\親朋好友\IMG_3964.HEIC,SKIP (Dest Dupe),-,Target exists
D:\Takeout\Takeout\Google 相簿\親朋好友\IMG_3969.HEIC,SKIP (Dest Dupe),-,Target exists
D:\Takeout\Takeout\Google 相簿\親朋好友\IMG_3968.HEIC,SKIP (Dest Dupe),-,Target exists
D:\Takeout\Takeout\Google 相簿\親朋好友\IMG_3971.HEIC,SKIP (Dest Dupe),-,Target exists
D:\Takeout\Takeout\Google 相簿\親朋好友\IMG_3974.HEIC,SKIP (Dest Dupe),-,Target exists
D:\Takeout\Takeout\Google 相簿\親朋好友\IMG_3972.HEIC,SKIP (Dest Dupe),-,Target exists
D:\Takeout\Takeout\Google 相簿\親朋好友\IMG_3982.HEIC,SKIP (Dest Dupe),-,Target exists
D:\Takeout\Takeout\Google 相簿\親朋好友\IMG_3979.HEIC,SKIP (Dest Dupe),-,Target exists
D:\Takeout\Takeout\Google 相簿\親朋好友\IMG_3978.HEIC,SKIP (Dest Dupe),-,Target exists
D:\Takeout\Takeout\Google 相簿\親朋好友\IMG_3981.HEIC,SKIP (Dest Dupe),-,Target exists
D:\Takeout\Takeout\Google 相簿\親朋好友\IMG_3980.HEIC,SKIP (Dest Dupe),-,Target exists
D:\Takeout\Takeout\Google 相簿\親朋好友\IMG_3984.HEIC,SKIP (Dest Dupe),-,Target exists
D:\Takeout\Takeout\Google 相簿\親朋好友\IMG_3925.HEIC,SKIP (Dest Dupe),-,Target exists
D:\Takeout\Takeout\Google 相簿\親朋好友\IMG_3987.HEIC,SKIP (Dest Dupe),-,Target exists
D:\Takeout\Takeout\Google 相簿\親朋好友\IMG_3989.HEIC,SKIP (Dest Dupe),-,Target exists
D:\Takeout\Takeout\Google 相簿\親朋好友\IMG_3986.HEIC,SKIP (Dest Dupe),-,Target exists
D:\Takeout\Takeout\Google 相簿\親朋好友\IMG_3990.HEIC,SKIP (Dest Dupe),-,Target exists
D:\Takeout\Takeout\Google 相簿\親朋好友\IMG_3985.HEIC,SKIP (Dest Dupe),-,Target exists
D:\Takeout\Takeout\Google 相簿\親朋好友\IMG_3992.HEIC,SKIP (Dest Dupe),-,Target exists
D:\Takeout\Takeout\Google 相簿\親朋好友\IMG_3973.HEIC,SKIP (Dest Dupe),-,Target exists
D:\Takeout\Takeout\Google 相簿\親朋好友\IMG_3965.HEIC,SKIP (Dest Dupe),-,Target exists
D:\Takeout\Takeout\Google 相簿\親朋好友\IMG_3996.HEIC,SKIP (Dest Dupe),-,Target exists
D:\Takeout\Takeout\Google 相簿\親朋好友\IMG_3993.HEIC,SKIP (Dest Dupe),-,Target exists
D:\Takeout\Takeout\Google 相簿\親朋好友\IMG_3995.HEIC,SKIP (Dest Dupe),-,Target exists
D:\Takeout\Takeout\Google 相簿\親朋好友\IMG_4002.HEIC,SKIP (Dest Dupe),-,Target exists
D:\Takeout\Takeout\Google 相簿\親朋好友\IMG_3999.HEIC,SKIP (Dest Dupe),-,Target exists
D:\Takeout\Takeout\Google 相簿\親朋好友\IMG_3997.HEIC,SKIP (Dest Dupe),-,Target exists
D:\Takeout\Takeout\Google 相簿\親朋好友\IMG_3998.HEIC,SKIP (Dest Dupe),-,Target exists
D:\Takeout\Takeout\Google 相簿\親朋好友\IMG_4005.HEIC,SKIP (Dest Dupe),-,Target exists
D:\Takeout\Takeout\Google 相簿\親朋好友\IMG_4008.HEIC,SKIP (Dest Dupe),-,Target exists
D:\Takeout\Takeout\Google 相簿\親朋好友\IMG_4003.HEIC,SKIP (Dest Dupe),-,Target exists
D:\Takeout\Takeout\Google 相簿\親朋好友\IMG_4013.HEIC,SKIP (Dest Dupe),-,Target exists
D:\Takeout\Takeout\Google 相簿\親朋好友\IMG_4004.HEIC,SKIP (Dest Dupe),-,Target exists
D:\Takeout\Takeout\Google 相簿\親朋好友\IMG_4009.HEIC,SKIP (Dest Dupe),-,Target exists
D:\Takeout\Takeout\Google 相簿\親朋好友\IMG_4014.HEIC,SKIP (Dest Dupe),-,Target exists
D:\Takeout\Takeout\Google 相簿\親朋好友\IMG_4012.HEIC,SKIP (Dest Dupe),-,Target exists
D:\Takeout\Takeout\Google 相簿\未命名\IMG_4923.MOV,SKIP (Dest Dupe),-,Target exists
D:\Takeout\Takeout\Google 相簿\親朋好友\IMG_4007.HEIC,SKIP (Dest Dupe),-,Target exists
D:\Takeout\Takeout\Google 相簿\親朋好友\IMG_4020.HEIC,SKIP (Dest Dupe),-,Target exists
D:\Takeout\Takeout\Google 相簿\親朋好友\IMG_4018.HEIC,SKIP (Dest Dupe),-,Target exists
D:\Takeout\Takeout\Google 相簿\親朋好友\IMG_4021.HEIC,SKIP (Dest Dupe),-,Target exists
D:\Takeout\Takeout\Google 相簿\親朋好友\IMG_4027.HEIC,SKIP (Dest Dupe),-,Target exists
D:\Takeout\Takeout\Google 相簿\親朋好友\IMG_4026.HEIC,SKIP (Dest Dupe),-,Target exists
D:\Takeout\Takeout\Google 相簿\親朋好友\IMG_4022.HEIC,SKIP (Dest Dupe),-,Target exists
D:\Takeout\Takeout\Google 相簿\親朋好友\IMG_4017.HEIC,SKIP (Dest Dupe),-,Target exists
D:\Takeout\Takeout\Google 相簿\親朋好友\IMG_4030.HEIC,SKIP (Dest Dupe),-,Target exists
D:\Takeout\Takeout\Google 相簿\親朋好友\IMG_4023.HEIC,SKIP (Dest Dupe),-,Target exists
D:\Takeout\Takeout\Google 相簿\親朋好友\IMG_4015.HEIC,SKIP (Dest Dupe),-,Target exists
D:\Takeout\Takeout\Google 相簿\親朋好友\IMG_4029.HEIC,SKIP (Dest Dupe),-,Target exists
D:\Takeout\Takeout\Google 相簿\親朋好友\IMG_4038.HEIC,SKIP (Dest Dupe),-,Target exists
D:\Takeout\Takeout\Google 相簿\親朋好友\IMG_4035.HEIC,SKIP (Dest Dupe),-,Target exists
D:\Takeout\Takeout\Google 相簿\親朋好友\IMG_4033.HEIC,SKIP (Dest Dupe),-,Target exists
D:\Takeout\Takeout\Google 相簿\親朋好友\IMG_4047.JPG,SKIP (Dest Dupe),-,Target exists
D:\Takeout\Takeout\Google 相簿\親朋好友\IMG_4050.JPG,SKIP (Dest Dupe),-,Target exists
D:\Takeout\Takeout\Google 相簿\親朋好友\IMG_4042.HEIC,SKIP (Dest Dupe),-,Target exists
D:\Takeout\Takeout\Google 相簿\親朋好友\IMG_4039.HEIC,SKIP (Dest Dupe),-,Target exists
D:\Takeout\Takeout\Google 相簿\親朋好友\IMG_4032.HEIC,SKIP (Dest Dupe),-,Target exists
D:\Takeout\Takeout\Google 相簿\親朋好友\IMG_4043.MOV,SKIP (Dest Dupe),-,Target exists
D:\Takeout\Takeout\Google 相簿\親朋好友\IMG_4037.HEIC,SKIP (Dest Dupe),-,Target exists
D:\Takeout\Takeout\Google 相簿\親朋好友\IMG_4053.HEIC,SKIP (Dest Dupe),-,Target exists
D:\Takeout\Takeout\Google 相簿\親朋好友\IMG_4054.HEIC,SKIP (Dest Dupe),-,Target exists
D:\Takeout\Takeout\Google 相簿\親朋好友\IMG_4052.HEIC,SKIP (Dest Dupe),-,Target exists
D:\Takeout\Takeout\Google 相簿\親朋好友\IMG_4031.HEIC,SKIP (Dest Dupe),-,Target exists
D:\Takeout\Takeout\Google 相簿\親朋好友\IMG_4036.HEIC,SKIP (Dest Dupe),-,Target exists
D:\Takeout\Takeout\Google 相簿\親朋好友\IMG_4062.HEIC,SKIP (Dest Dupe),-,Target exists
D:\Takeout\Takeout\Google 相簿\親朋好友\IMG_4059.HEIC,SKIP (Dest Dupe),-,Target exists
D:\Takeout\Takeout\Google 相簿\親朋好友\IMG_4044.MOV,SKIP (Dest Dupe),-,Target exists
D:\Takeout\Takeout\Google 相簿\親朋好友\IMG_4060.HEIC,SKIP (Dest Dupe),-,Target exists
D:\Takeout\Takeout\Google 相簿\親朋好友\IMG_4055.HEIC,SKIP (Dest Dupe),-,Target exists
D:\Takeout\Takeout\Google 相簿\親朋好友\IMG_4061.HEIC,SKIP (Dest Dupe),-,Target exists
D:\Takeout\Takeout\Google 相簿\親朋好友\IMG_4058.HEIC,SKIP (Dest Dupe),-,Target exists
D:\Takeout\Takeout\Google 相簿\親朋好友\IMG_4048.MOV,SKIP (Dest Dupe),-,Target exists
D:\Takeout\Takeout\Google 相簿\親朋好友\IMG_4065.HEIC,SKIP (Dest Dupe),-,Target exists
D:\Takeout\Takeout\Google 相簿\親朋好友\IMG_4066.HEIC,SKIP (Dest Dupe),-,Target exists
D:\Takeout\Takeout\Google 相簿\親朋好友\IMG_4063.HEIC,SKIP (Dest Dupe),-,Target exists
D:\Takeout\Takeout\Google 相簿\親朋好友\IMG_4067.HEIC,SKIP (Dest Dupe),-,Target exists
D:\Takeout\Takeout\Google 相簿\親朋好友\IMG_4068.HEIC,SKIP (Dest Dupe),-,Target exists
D:\Takeout\Takeout\Google 相簿\親朋好友\IMG_4071.HEIC,SKIP (Dest Dupe),-,Target exists
D:\Takeout\Takeout\Google 相簿\親朋好友\IMG_4069.HEIC,SKIP (Dest Dupe),-,Target exists
D:\Takeout\Takeout\Google 相簿\親朋好友\IMG_4074.HEIC,SKIP (Dest Dupe),-,Target exists
D:\Takeout\Takeout\Google 相簿\親朋好友\IMG_4072.HEIC,SKIP (Dest Dupe),-,Target exists
D:\Takeout\Takeout\Google 相簿\親朋好友\IMG_4077.HEIC,SKIP (Dest Dupe),-,Target exists
D:\Takeout\Takeout\Google 相簿\親朋好友\IMG_4056.MOV,SKIP (Dest Dupe),-,Target exists
D:\Takeout\Takeout\Google 相簿\親朋好友\IMG_4073.HEIC,SKIP (Dest Dupe),-,Target exists
D:\Takeout\Takeout\Google 相簿\親朋好友\IMG_4075.HEIC,SKIP (Dest Dupe),-,Target exists
D:\Takeout\Takeout\Google 相簿\親朋好友\IMG_4078.HEIC,SKIP (Dest Dupe),-,Target exists
D:\Takeout\Takeout\Google 相簿\親朋好友\IMG_4081.HEIC,SKIP (Dest Dupe),-,Target exists
D:\Takeout\Takeout\Google 相簿\親朋好友\IMG_4090.HEIC,SKIP (Dest Dupe),-,Target exists
D:\Takeout\Takeout\Google 相簿\親朋好友\IMG_4088.HEIC,SKIP (Dest Dupe),-,Target exists
D:\Takeout\Takeout\Google 相簿\親朋好友\IMG_4083.HEIC,SKIP (Dest Dupe),-,Target exists
D:\Takeout\Takeout\Google 相簿\親朋好友\IMG_4087.HEIC,SKIP (Dest Dupe),-,Target exists
D:\Takeout\Takeout\Google 相簿\親朋好友\IMG_4093.HEIC,SKIP (Dest Dupe),-,Target exists
D:\Takeout\Takeout\Google 相簿\親朋好友\IMG_4091.HEIC,SKIP (Dest Dupe),-,Target exists
D:\Takeout\Takeout\Google 相簿\親朋好友\IMG_4100.HEIC,SKIP (Dest Dupe),-,Target exists
D:\Takeout\Takeout\Google 相簿\親朋好友\IMG_4096.HEIC,SKIP (Dest Dupe),-,Target exists
D:\Takeout\Takeout\Google 相簿\親朋好友\IMG_4097.HEIC,SKIP (Dest Dupe),-,Target exists
D:\Takeout\Takeout\Google 相簿\親朋好友\IMG_4098.HEIC,SKIP (Dest Dupe),-,Target exists
D:\Takeout\Takeout\Google 相簿\親朋好友\IMG_4094.HEIC,SKIP (Dest Dupe),-,Target exists
D:\Takeout\Takeout\Google 相簿\親朋好友\IMG_4103.HEIC,SKIP (Dest Dupe),-,Target exists
D:\Takeout\Takeout\Google 相簿\親朋好友\IMG_4108.HEIC,SKIP (Dest Dupe),-,Target exists
D:\Takeout\Takeout\Google 相簿\親朋好友\IMG_4084.MOV,SKIP (Dest Dupe),-,Target exists
D:\Takeout\Takeout\Google 相簿\親朋好友\IMG_4106.HEIC,SKIP (Dest Dupe),-,Target exists
D:\Takeout\Takeout\Google 相簿\親朋好友\IMG_4105.HEIC,SKIP (Dest Dupe),-,Target exists
D:\Takeout\Takeout\Google 相簿\親朋好友\IMG_4107.HEIC,SKIP (Dest Dupe),-,Target exists
D:\Takeout\Takeout\Google 相簿\親朋好友\IMG_4079.MOV,SKIP (Dest Dupe),-,Target exists
D:\Takeout\Takeout\Google 相簿\親朋好友\IMG_4117.HEIC,SKIP (Dest Dupe),-,Target exists
D:\Takeout\Takeout\Google 相簿\親朋好友\IMG_4120.HEIC,SKIP (Dest Dupe),-,Target exists
D:\Takeout\Takeout\Google 相簿\親朋好友\IMG_4119.HEIC,SKIP (Dest Dupe),-,Target exists
D:\Takeout\Takeout\Google 相簿\親朋好友\IMG_4118.HEIC,SKIP (Dest Dupe),-,Target exists
D:\Takeout\Takeout\Google 相簿\親朋好友\IMG_4113.HEIC,SKIP (Dest Dupe),-,Target exists
D:\Takeout\Takeout\Google 相簿\親朋好友\IMG_4125.HEIC,SKIP (Dest Dupe),-,Target exists
D:\Takeout\Takeout\Google 相簿\親朋好友\IMG_4121.HEIC,SKIP (Dest Dupe),-,Target exists
D:\Takeout\Takeout\Google 相簿\親朋好友\IMG_4134.HEIC,SKIP (Dest Dupe),-,Target exists
D:\Takeout\Takeout\Google 相簿\親朋好友\IMG_4135.HEIC,SKIP (Dest Dupe),-,Target exists
D:\Takeout\Takeout\Google 相簿\親朋好友\IMG_4129.HEIC,SKIP (Dest Dupe),-,Target exists
D:\Takeout\Takeout\Google 相簿\親朋好友\IMG_4051.MOV,SKIP (Dest Dupe),-,Target exists
D:\Takeout\Takeout\Google 相簿\親朋好友\IMG_4199.MOV,SKIP (Dest Dupe),-,Target exists
D:\Takeout\Takeout\Google 相簿\親朋好友\IMG_4109.MOV,SKIP (Dest Dupe),-,Target exists
D:\Takeout\Takeout\Google 相簿\親朋好友\IMG_4202.HEIC,SKIP (Dest Dupe),-,Target exists
D:\Takeout\Takeout\Google 相簿\親朋好友\IMG_4201.HEIC,SKIP (Dest Dupe),-,Target exists
D:\Takeout\Takeout\Google 相簿\親朋好友\IMG_4210.HEIC,SKIP (Dest Dupe),-,Target exists
D:\Takeout\Takeout\Google 相簿\親朋好友\IMG_4211.HEIC,SKIP (Dest Dupe),-,Target exists
D:\Takeout\Takeout\Google 相簿\親朋好友\IMG_4216.HEIC,SKIP (Dest Dupe),-,Target exists
D:\Takeout\Takeout\Google 相簿\親朋好友\IMG_4233.HEIC,SKIP (Dest Dupe),-,Target exists
D:\Takeout\Takeout\Google 相簿\親朋好友\IMG_4212.HEIC,SKIP (Dest Dupe),-,Target exists
D:\Takeout\Takeout\Google 相簿\親朋好友\IMG_4213.HEIC,SKIP (Dest Dupe),-,Target exists
D:\Takeout\Takeout\Google 相簿\親朋好友\IMG_4235.HEIC,SKIP (Dest Dupe),-,Target exists
D:\Takeout\Takeout\Google 相簿\親朋好友\IMG_4234.HEIC,SKIP (Dest Dupe),-,Target exists
D:\Takeout\Takeout\Google 相簿\親朋好友\IMG_4236.HEIC,SKIP (Dest Dupe),-,Target exists
D:\Takeout\Takeout\Google 相簿\親朋好友\IMG_4214.HEIC,SKIP (Dest Dupe),-,Target exists
D:\Takeout\Takeout\Google 相簿\親朋好友\IMG_4241.HEIC,SKIP (Dest Dupe),-,Target exists
D:\Takeout\Takeout\Google 相簿\親朋好友\IMG_4240.HEIC,SKIP (Dest Dupe),-,Target exists
D:\Takeout\Takeout\Google 相簿\親朋好友\IMG_4138.MOV,SKIP (Dest Dupe),-,Target exists
D:\Takeout\Takeout\Google 相簿\親朋好友\IMG_4246.HEIC,SKIP (Dest Dupe),-,Target exists
D:\Takeout\Takeout\Google 相簿\親朋好友\IMG_4242.HEIC,SKIP (Dest Dupe),-,Target exists
D:\Takeout\Takeout\Google 相簿\親朋好友\IMG_4248.HEIC,SKIP (Dest Dupe),-,Target exists
D:\Takeout\Takeout\Google 相簿\親朋好友\IMG_4244.HEIC,SKIP (Dest Dupe),-,Target exists
D:\Takeout\Takeout\Google 相簿\親朋好友\IMG_4247.HEIC,SKIP (Dest Dupe),-,Target exists
D:\Takeout\Takeout\Google 相簿\親朋好友\IMG_4252.HEIC,SKIP (Dest Dupe),-,Target exists
D:\Takeout\Takeout\Google 相簿\親朋好友\IMG_4251.HEIC,SKIP (Dest Dupe),-,Target exists
D:\Takeout\Takeout\Google 相簿\親朋好友\IMG_4245.HEIC,SKIP (Dest Dupe),-,Target exists
D:\Takeout\Takeout\Google 相簿\親朋好友\IMG_4255.HEIC,SKIP (Dest Dupe),-,Target exists
D:\Takeout\Takeout\Google 相簿\親朋好友\IMG_4253.HEIC,SKIP (Dest Dupe),-,Target exists
D:\Takeout\Takeout\Google 相簿\親朋好友\IMG_4110.MOV,SKIP (Dest Dupe),-,Target exists
D:\Takeout\Takeout\Google 相簿\親朋好友\IMG_4256.HEIC,SKIP (Dest Dupe),-,Target exists
D:\Takeout\Takeout\Google 相簿\親朋好友\IMG_4258.HEIC,SKIP (Dest Dupe),-,Target exists
D:\Takeout\Takeout\Google 相簿\親朋好友\IMG_4257.HEIC,SKIP (Dest Dupe),-,Target exists
D:\Takeout\Takeout\Google 相簿\親朋好友\IMG_4263.HEIC,SKIP (Dest Dupe),-,Target exists
D:\Takeout\Takeout\Google 相簿\親朋好友\IMG_4262.HEIC,SKIP (Dest Dupe),-,Target exists
D:\Takeout\Takeout\Google 相簿\親朋好友\IMG_4264.HEIC,SKIP (Dest Dupe),-,Target exists
D:\Takeout\Takeout\Google 相簿\親朋好友\IMG_4261.HEIC,SKIP (Dest Dupe),-,Target exists
D:\Takeout\Takeout\Google 相簿\親朋好友\IMG_4265.HEIC,SKIP (Dest Dupe),-,Target exists
D:\Takeout\Takeout\Google 相簿\親朋好友\IMG_4281.HEIC,SKIP (Dest Dupe),-,Target exists
D:\Takeout\Takeout\Google 相簿\親朋好友\IMG_4268.HEIC,SKIP (Dest Dupe),-,Target exists
D:\Takeout\Takeout\Google 相簿\親朋好友\IMG_4267.HEIC,SKIP (Dest Dupe),-,Target exists
D:\Takeout\Takeout\Google 相簿\親朋好友\IMG_4250.HEIC,SKIP (Dest Dupe),-,Target exists
D:\Takeout\Takeout\Google 相簿\親朋好友\IMG_4279.HEIC,SKIP (Dest Dupe),-,Target exists
D:\Takeout\Takeout\Google 相簿\親朋好友\IMG_4269.HEIC,SKIP (Dest Dupe),-,Target exists
D:\Takeout\Takeout\Google 相簿\親朋好友\IMG_4260.HEIC,SKIP (Dest Dupe),-,Target exists
D:\Takeout\Takeout\Google 相簿\親朋好友\IMG_4490.HEIC,SKIP (Dest Dupe),-,Target exists
D:\Takeout\Takeout\Google 相簿\親朋好友\IMG_4489.HEIC,SKIP (Dest Dupe),-,Target exists
D:\Takeout\Takeout\Google 相簿\親朋好友\IMG_4496.HEIC,SKIP (Dest Dupe),-,Target exists
D:\Takeout\Takeout\Google 相簿\親朋好友\IMG_4497.HEIC,SKIP (Dest Dupe),-,Target exists
D:\Takeout\Takeout\Google 相簿\親朋好友\IMG_4494.HEIC,SKIP (Dest Dupe),-,Target exists
D:\Takeout\Takeout\Google 相簿\親朋好友\IMG_4491.HEIC,SKIP (Dest Dupe),-,Target exists
D:\Takeout\Takeout\Google 相簿\親朋好友\IMG_4501.HEIC,SKIP (Dest Dupe),-,Target exists
D:\Takeout\Takeout\Google 相簿\親朋好友\IMG_4502.HEIC,SKIP (Dest Dupe),-,Target exists
D:\Takeout\Takeout\Google 相簿\親朋好友\IMG_4369.MOV,SKIP (Dest Dupe),-,Target exists
D:\Takeout\Takeout\Google 相簿\親朋好友\IMG_4156.MOV,SKIP (Dest Dupe),-,Target exists
D:\Takeout\Takeout\Google 相簿\親朋好友\IMG_4508.HEIC,SKIP (Dest Dupe),-,Target exists
D:\Takeout\Takeout\Google 相簿\親朋好友\IMG_4504.HEIC,SKIP (Dest Dupe),-,Target exists
D:\Takeout\Takeout\Google 相簿\親朋好友\IMG_4510.HEIC,SKIP (Dest Dupe),-,Target exists
D:\Takeout\Takeout\Google 相簿\親朋好友\IMG_4511.HEIC,SKIP (Dest Dupe),-,Target exists
D:\Takeout\Takeout\Google 相簿\親朋好友\IMG_4516.HEIC,SKIP (Dest Dupe),-,Target exists
D:\Takeout\Takeout\Google 相簿\親朋好友\IMG_4515.HEIC,SKIP (Dest Dupe),-,Target exists
D:\Takeout\Takeout\Google 相簿\親朋好友\IMG_4371.MOV,SKIP (Dest Dupe),-,Target exists
D:\Takeout\Takeout\Google 相簿\親朋好友\IMG_4518.HEIC,SKIP (Dest Dupe),-,Target exists
D:\Takeout\Takeout\Google 相簿\親朋好友\IMG_4517.HEIC,SKIP (Dest Dupe),-,Target exists
D:\Takeout\Takeout\Google 相簿\親朋好友\IMG_4522.HEIC,SKIP (Dest Dupe),-,Target exists
D:\Takeout\Takeout\Google 相簿\親朋好友\IMG_4521.HEIC,SKIP (Dest Dupe),-,Target exists
D:\Takeout\Takeout\Google 相簿\親朋好友\IMG_4520.HEIC,SKIP (Dest Dupe),-,Target exists
D:\Takeout\Takeout\Google 相簿\親朋好友\IMG_4528.HEIC,SKIP (Dest Dupe),-,Target exists
D:\Takeout\Takeout\Google 相簿\親朋好友\IMG_4534.HEIC,SKIP (Dest Dupe),-,Target exists
D:\Takeout\Takeout\Google 相簿\親朋好友\IMG_4523.HEIC,SKIP (Dest Dupe),-,Target exists
D:\Takeout\Takeout\Google 相簿\親朋好友\IMG_4526.HEIC,SKIP (Dest Dupe),-,Target exists
D:\Takeout\Takeout\Google 相簿\親朋好友\IMG_4530.HEIC,SKIP (Dest Dupe),-,Target exists
D:\Takeout\Takeout\Google 相簿\親朋好友\IMG_4535.HEIC,SKIP (Dest Dupe),-,Target exists
D:\Takeout\Takeout\Google 相簿\親朋好友\IMG_4540.HEIC,SKIP (Dest Dupe),-,Target exists
D:\Takeout\Takeout\Google 相簿\親朋好友\IMG_4539.HEIC,SKIP (Dest Dupe),-,Target exists
D:\Takeout\Takeout\Google 相簿\親朋好友\IMG_4537.HEIC,SKIP (Dest Dupe),-,Target exists
D:\Takeout\Takeout\Google 相簿\親朋好友\IMG_4541.HEIC,SKIP (Dest Dupe),-,Target exists
D:\Takeout\Takeout\Google 相簿\親朋好友\IMG_4575.HEIC,SKIP (Dest Dupe),-,Target exists
D:\Takeout\Takeout\Google 相簿\親朋好友\IMG_4578.JPG,SKIP (Dest Dupe),-,Target exists
D:\Takeout\Takeout\Google 相簿\親朋好友\IMG_4579.JPG,SKIP (Dest Dupe),-,Target exists
D:\Takeout\Takeout\Google 相簿\親朋好友\IMG_4580.JPG,SKIP (Dest Dupe),-,Target exists
D:\Takeout\Takeout\Google 相簿\親朋好友\IMG_4576.HEIC,SKIP (Dest Dupe),-,Target exists
D:\Takeout\Takeout\Google 相簿\親朋好友\IMG_4574.HEIC,SKIP (Dest Dupe),-,Target exists
D:\Takeout\Takeout\Google 相簿\親朋好友\IMG_4200.MOV,SKIP (Dest Dupe),-,Target exists
D:\Takeout\Takeout\Google 相簿\親朋好友\IMG_4571.HEIC,SKIP (Dest Dupe),-,Target exists
D:\Takeout\Takeout\Google 相簿\親朋好友\IMG_4572.HEIC,SKIP (Dest Dupe),-,Target exists
D:\Takeout\Takeout\Google 相簿\親朋好友\IMG_4573.HEIC,SKIP (Dest Dupe),-,Target exists
D:\Takeout\Takeout\Google 相簿\親朋好友\IMG_4593.HEIC,SKIP (Dest Dupe),-,Target exists
D:\Takeout\Takeout\Google 相簿\親朋好友\IMG_4595.HEIC,SKIP (Dest Dupe),-,Target exists
D:\Takeout\Takeout\Google 相簿\親朋好友\IMG_4596.HEIC,SKIP (Dest Dupe),-,Target exists
D:\Takeout\Takeout\Google 相簿\親朋好友\IMG_4597.HEIC,SKIP (Dest Dupe),-,Target exists
D:\Takeout\Takeout\Google 相簿\親朋好友\IMG_4602.HEIC,SKIP (Dest Dupe),-,Target exists
D:\Takeout\Takeout\Google 相簿\親朋好友\IMG_4604.HEIC,SKIP (Dest Dupe),-,Target exists
D:\Takeout\Takeout\Google 相簿\親朋好友\IMG_4649.HEIC,SKIP (Dest Dupe),-,Target exists
D:\Takeout\Takeout\Google 相簿\親朋好友\IMG_4643.HEIC,SKIP (Dest Dupe),-,Target exists
D:\Takeout\Takeout\Google 相簿\親朋好友\IMG_4601.HEIC,SKIP (Dest Dupe),-,Target exists
D:\Takeout\Takeout\Google 相簿\親朋好友\IMG_4603.HEIC,SKIP (Dest Dupe),-,Target exists
D:\Takeout\Takeout\Google 相簿\親朋好友\IMG_4599.HEIC,SKIP (Dest Dupe),-,Target exists
D:\Takeout\Takeout\Google 相簿\親朋好友\IMG_4552.MOV,SKIP (Dest Dupe),-,Target exists
D:\Takeout\Takeout\Google 相簿\親朋好友\IMG_4650.HEIC,SKIP (Dest Dupe),-,Target exists
D:\Takeout\Takeout\Google 相簿\親朋好友\IMG_4657.HEIC,SKIP (Dest Dupe),-,Target exists
D:\Takeout\Takeout\Google 相簿\親朋好友\IMG_4683.HEIC,SKIP (Dest Dupe),-,Target exists
D:\Takeout\Takeout\Google 相簿\親朋好友\IMG_4684.HEIC,SKIP (Dest Dupe),-,Target exists
D:\Takeout\Takeout\Google 相簿\親朋好友\IMG_4658.HEIC,SKIP (Dest Dupe),-,Target exists
D:\Takeout\Takeout\Google 相簿\親朋好友\IMG_4691.HEIC,SKIP (Dest Dupe),-,Target exists
D:\Takeout\Takeout\Google 相簿\親朋好友\IMG_4682.HEIC,SKIP (Dest Dupe),-,Target exists
D:\Takeout\Takeout\Google 相簿\親朋好友\IMG_4689.HEIC,SKIP (Dest Dupe),-,Target exists
D:\Takeout\Takeout\Google 相簿\親朋好友\IMG_4687.HEIC,SKIP (Dest Dupe),-,Target exists
D:\Takeout\Takeout\Google 相簿\親朋好友\IMG_4685.HEIC,SKIP (Dest Dupe),-,Target exists
D:\Takeout\Takeout\Google 相簿\親朋好友\IMG_4692.HEIC,SKIP (Dest Dupe),-,Target exists
D:\Takeout\Takeout\Google 相簿\親朋好友\IMG_4696.HEIC,SKIP (Dest Dupe),-,Target exists
D:\Takeout\Takeout\Google 相簿\親朋好友\IMG_4686.HEIC,SKIP (Dest Dupe),-,Target exists
D:\Takeout\Takeout\Google 相簿\親朋好友\IMG_4694.HEIC,SKIP (Dest Dupe),-,Target exists
D:\Takeout\Takeout\Google 相簿\親朋好友\IMG_4697.HEIC,SKIP (Dest Dupe),-,Target exists
D:\Takeout\Takeout\Google 相簿\親朋好友\IMG_4699.HEIC,SKIP (Dest Dupe),-,Target exists
D:\Takeout\Takeout\Google 相簿\親朋好友\IMG_4695.HEIC,SKIP (Dest Dupe),-,Target exists
D:\Takeout\Takeout\Google 相簿\親朋好友\IMG_4704.HEIC,SKIP (Dest Dupe),-,Target exists
D:\Takeout\Takeout\Google 相簿\親朋好友\IMG_4707.HEIC,SKIP (Dest Dupe),-,Target exists
D:\Takeout\Takeout\Google 相簿\親朋好友\IMG_4701.HEIC,SKIP (Dest Dupe),-,Target exists
D:\Takeout\Takeout\Google 相簿\親朋好友\IMG_4700.HEIC,SKIP (Dest Dupe),-,Target exists
D:\Takeout\Takeout\Google 相簿\親朋好友\IMG_4368.MOV,SKIP (Dest Dupe),-,Target exists
D:\Takeout\Takeout\Google 相簿\親朋好友\IMG_4706.HEIC,SKIP (Dest Dupe),-,Target exists
D:\Takeout\Takeout\Google 相簿\親朋好友\IMG_4710.HEIC,SKIP (Dest Dupe),-,Target exists
D:\Takeout\Takeout\Google 相簿\親朋好友\IMG_4705.HEIC,SKIP (Dest Dupe),-,Target exists
D:\Takeout\Takeout\Google 相簿\親朋好友\IMG_4713.HEIC,SKIP (Dest Dupe),-,Target exists
D:\Takeout\Takeout\Google 相簿\親朋好友\IMG_4723.HEIC,SKIP (Dest Dupe),-,Target exists
D:\Takeout\Takeout\Google 相簿\親朋好友\IMG_4714.HEIC,SKIP (Dest Dupe),-,Target exists
D:\Takeout\Takeout\Google 相簿\親朋好友\IMG_4724.HEIC,SKIP (Dest Dupe),-,Target exists
D:\Takeout\Takeout\Google 相簿\親朋好友\IMG_4735.HEIC,SKIP (Dest Dupe),-,Target exists
D:\Takeout\Takeout\Google 相簿\親朋好友\IMG_4708.HEIC,SKIP (Dest Dupe),-,Target exists
D:\Takeout\Takeout\Google 相簿\親朋好友\IMG_4711.HEIC,SKIP (Dest Dupe),-,Target exists
D:\Takeout\Takeout\Google 相簿\親朋好友\IMG_4762.HEIC,SKIP (Dest Dupe),-,Target exists
D:\Takeout\Takeout\Google 相簿\親朋好友\IMG_4722.HEIC,SKIP (Dest Dupe),-,Target exists
D:\Takeout\Takeout\Google 相簿\親朋好友\IMG_4726.HEIC,SKIP (Dest Dupe),-,Target exists
D:\Takeout\Takeout\Google 相簿\親朋好友\IMG_4783.HEIC,SKIP (Dest Dupe),-,Target exists
D:\Takeout\Takeout\Google 相簿\親朋好友\IMG_4782.HEIC,SKIP (Dest Dupe),-,Target exists
D:\Takeout\Takeout\Google 相簿\親朋好友\IMG_4779.HEIC,SKIP (Dest Dupe),-,Target exists
D:\Takeout\Takeout\Google 相簿\親朋好友\IMG_4763.HEIC,SKIP (Dest Dupe),-,Target exists
D:\Takeout\Takeout\Google 相簿\親朋好友\IMG_4791.HEIC,SKIP (Dest Dupe),-,Target exists
D:\Takeout\Takeout\Google 相簿\親朋好友\IMG_4786.HEIC,SKIP (Dest Dupe),-,Target exists
D:\Takeout\Takeout\Google 相簿\親朋好友\IMG_4785.HEIC,SKIP (Dest Dupe),-,Target exists
D:\Takeout\Takeout\Google 相簿\親朋好友\IMG_4764.HEIC,SKIP (Dest Dupe),-,Target exists
D:\Takeout\Takeout\Google 相簿\親朋好友\IMG_4787.HEIC,SKIP (Dest Dupe),-,Target exists
D:\Takeout\Takeout\Google 相簿\親朋好友\IMG_4760.MOV,SKIP (Dest Dupe),-,Target exists
D:\Takeout\Takeout\Google 相簿\親朋好友\IMG_4794.HEIC,SKIP (Dest Dupe),-,Target exists
D:\Takeout\Takeout\Google 相簿\親朋好友\IMG_4800.HEIC,SKIP (Dest Dupe),-,Target exists
D:\Takeout\Takeout\Google 相簿\親朋好友\IMG_4814.HEIC,SKIP (Dest Dupe),-,Target exists
D:\Takeout\Takeout\Google 相簿\親朋好友\IMG_4807.HEIC,SKIP (Dest Dupe),-,Target exists
D:\Takeout\Takeout\Google 相簿\親朋好友\IMG_4808.HEIC,SKIP (Dest Dupe),-,Target exists
D:\Takeout\Takeout\Google 相簿\親朋好友\IMG_4804.HEIC,SKIP (Dest Dupe),-,Target exists
D:\Takeout\Takeout\Google 相簿\親朋好友\IMG_4756.MOV,SKIP (Dest Dupe),-,Target exists
D:\Takeout\Takeout\Google 相簿\親朋好友\IMG_4815.HEIC,SKIP (Dest Dupe),-,Target exists
D:\Takeout\Takeout\Google 相簿\親朋好友\IMG_4806.HEIC,SKIP (Dest Dupe),-,Target exists
D:\Takeout\Takeout\Google 相簿\親朋好友\IMG_4816.HEIC,SKIP (Dest Dupe),-,Target exists
D:\Takeout\Takeout\Google 相簿\親朋好友\IMG_4819.HEIC,SKIP (Dest Dupe),-,Target exists
D:\Takeout\Takeout\Google 相簿\親朋好友\IMG_4820.HEIC,SKIP (Dest Dupe),-,Target exists
D:\Takeout\Takeout\Google 相簿\親朋好友\IMG_4792.HEIC,SKIP (Dest Dupe),-,Target exists
D:\Takeout\Takeout\Google 相簿\親朋好友\IMG_4833.HEIC,SKIP (Dest Dupe),-,Target exists
D:\Takeout\Takeout\Google 相簿\親朋好友\IMG_4821.HEIC,SKIP (Dest Dupe),-,Target exists
D:\Takeout\Takeout\Google 相簿\親朋好友\IMG_4824.HEIC,SKIP (Dest Dupe),-,Target exists
D:\Takeout\Takeout\Google 相簿\親朋好友\IMG_4793.HEIC,SKIP (Dest Dupe),-,Target exists
D:\Takeout\Takeout\Google 相簿\親朋好友\IMG_4822.HEIC,SKIP (Dest Dupe),-,Target exists
D:\Takeout\Takeout\Google 相簿\親朋好友\IMG_4847.HEIC,SKIP (Dest Dupe),-,Target exists
D:\Takeout\Takeout\Google 相簿\親朋好友\IMG_4848.HEIC,SKIP (Dest Dupe),-,Target exists
D:\Takeout\Takeout\Google 相簿\親朋好友\IMG_4846.HEIC,SKIP (Dest Dupe),-,Target exists
D:\Takeout\Takeout\Google 相簿\親朋好友\IMG_4823.HEIC,SKIP (Dest Dupe),-,Target exists
D:\Takeout\Takeout\Google 相簿\親朋好友\IMG_4855.HEIC,SKIP (Dest Dupe),-,Target exists
D:\Takeout\Takeout\Google 相簿\親朋好友\IMG_4641.MOV,SKIP (Dest Dupe),-,Target exists
D:\Takeout\Takeout\Google 相簿\親朋好友\IMG_4857.HEIC,SKIP (Dest Dupe),-,Target exists
D:\Takeout\Takeout\Google 相簿\親朋好友\IMG_4858.HEIC,SKIP (Dest Dupe),-,Target exists
D:\Takeout\Takeout\Google 相簿\親朋好友\IMG_4856.HEIC,SKIP (Dest Dupe),-,Target exists
D:\Takeout\Takeout\Google 相簿\親朋好友\IMG_4866.HEIC,SKIP (Dest Dupe),-,Target exists
D:\Takeout\Takeout\Google 相簿\親朋好友\IMG_4863.HEIC,SKIP (Dest Dupe),-,Target exists
D:\Takeout\Takeout\Google 相簿\親朋好友\IMG_4860.HEIC,SKIP (Dest Dupe),-,Target exists
D:\Takeout\Takeout\Google 相簿\親朋好友\IMG_4865.HEIC,SKIP (Dest Dupe),-,Target exists
D:\Takeout\Takeout\Google 相簿\親朋好友\IMG_4869.HEIC,SKIP (Dest Dupe),-,Target exists
D:\Takeout\Takeout\Google 相簿\親朋好友\IMG_4845.MOV,SKIP (Dest Dupe),-,Target exists
D:\Takeout\Takeout\Google 相簿\親朋好友\IMG_4872.HEIC,SKIP (Dest Dupe),-,Target exists
D:\Takeout\Takeout\Google 相簿\親朋好友\IMG_4867.HEIC,SKIP (Dest Dupe),-,Target exists
D:\Takeout\Takeout\Google 相簿\親朋好友\IMG_4370.MOV,SKIP (Dest Dupe),-,Target exists
D:\Takeout\Takeout\Google 相簿\親朋好友\IMG_4873.HEIC,SKIP (Dest Dupe),-,Target exists
D:\Takeout\Takeout\Google 相簿\親朋好友\IMG_4886.HEIC,SKIP (Dest Dupe),-,Target exists
D:\Takeout\Takeout\Google 相簿\親朋好友\IMG_4834.MOV,SKIP (Dest Dupe),-,Target exists
D:\Takeout\Takeout\Google 相簿\親朋好友\IMG_4893.HEIC,SKIP (Dest Dupe),-,Target exists
D:\Takeout\Takeout\Google 相簿\親朋好友\IMG_4894.HEIC,SKIP (Dest Dupe),-,Target exists
D:\Takeout\Takeout\Google 相簿\親朋好友\IMG_4884.HEIC,SKIP (Dest Dupe),-,Target exists
D:\Takeout\Takeout\Google 相簿\親朋好友\IMG_4883.HEIC,SKIP (Dest Dupe),-,Target exists
D:\Takeout\Takeout\Google 相簿\親朋好友\IMG_4889.HEIC,SKIP (Dest Dupe),-,Target exists
D:\Takeout\Takeout\Google 相簿\親朋好友\IMG_4871.HEIC,SKIP (Dest Dupe),-,Target exists
D:\Takeout\Takeout\Google 相簿\親朋好友\IMG_4892.HEIC,SKIP (Dest Dupe),-,Target exists
D:\Takeout\Takeout\Google 相簿\親朋好友\IMG_4924.JPG,SKIP (Dest Dupe),-,Target exists
D:\Takeout\Takeout\Google 相簿\親朋好友\IMG_4898.HEIC,SKIP (Dest Dupe),-,Target exists
D:\Takeout\Takeout\Google 相簿\親朋好友\IMG_4897.HEIC,SKIP (Dest Dupe),-,Target exists
D:\Takeout\Takeout\Google 相簿\親朋好友\IMG_4901.HEIC,SKIP (Dest Dupe),-,Target exists
D:\Takeout\Takeout\Google 相簿\親朋好友\IMG_4899.HEIC,SKIP (Dest Dupe),-,Target exists
D:\Takeout\Takeout\Google 相簿\親朋好友\IMG_4985.JPG,SKIP (Dest Dupe),-,Target exists
D:\Takeout\Takeout\Google 相簿\親朋好友\IMG_4930.HEIC,SKIP (Dest Dupe),-,Target exists
D:\Takeout\Takeout\Google 相簿\親朋好友\IMG_4895.HEIC,SKIP (Dest Dupe),-,Target exists
D:\Takeout\Takeout\Google 相簿\親朋好友\IMG_4902.HEIC,SKIP (Dest Dupe),-,Target exists
D:\Takeout\Takeout\Google 相簿\親朋好友\IMG_5095.JPG,SKIP (Dest Dupe),-,Target exists
D:\Takeout\Takeout\Google 相簿\親朋好友\IMG_5073.HEIC,SKIP (Dest Dupe),-,Target exists
D:\Takeout\Takeout\Google 相簿\親朋好友\IMG_5109.HEIC,SKIP (Dest Dupe),-,Target exists
D:\Takeout\Takeout\Google 相簿\親朋好友\IMG_4888.HEIC,SKIP (Dest Dupe),-,Target exists
D:\Takeout\Takeout\Google 相簿\親朋好友\IMG_5108.HEIC,SKIP (Dest Dupe),-,Target exists
D:\Takeout\Takeout\Google 相簿\親朋好友\IMG_5107.HEIC,SKIP (Dest Dupe),-,Target exists
D:\Takeout\Takeout\Google 相簿\親朋好友\IMG_5114.HEIC,SKIP (Dest Dupe),-,Target exists
D:\Takeout\Takeout\Google 相簿\親朋好友\IMG_5110.HEIC,SKIP (Dest Dupe),-,Target exists
D:\Takeout\Takeout\Google 相簿\親朋好友\IMG_5113.HEIC,SKIP (Dest Dupe),-,Target exists
D:\Takeout\Takeout\Google 相簿\親朋好友\IMG_5112.HEIC,SKIP (Dest Dupe),-,Target exists
D:\Takeout\Takeout\Google 相簿\親朋好友\IMG_5127.HEIC,SKIP (Dest Dupe),-,Target exists
D:\Takeout\Takeout\Google 相簿\親朋好友\IMG_5115.HEIC,SKIP (Dest Dupe),-,Target exists
D:\Takeout\Takeout\Google 相簿\親朋好友\IMG_4934.MOV,SKIP (Dest Dupe),-,Target exists
D:\Takeout\Takeout\Google 相簿\親朋好友\IMG_4933.MOV,SKIP (Dest Dupe),-,Target exists
D:\Takeout\Takeout\Google 相簿\親朋好友\IMG_5142.MOV,SKIP (Dest Dupe),-,Target exists
D:\Takeout\Takeout\Google 相簿\親朋好友\IMG_4839.MOV,SKIP (Dest Dupe),-,Target exists
D:\Takeout\Takeout\Google 相簿\親朋好友\IMG_4926.MOV,SKIP (Dest Dupe),-,Target exists
D:\Takeout\Takeout\Google 相簿\親朋好友\IMG_5195.HEIC,SKIP (Dest Dupe),-,Target exists
D:\Takeout\Takeout\Google 相簿\親朋好友\IMG_5129.MOV,SKIP (Dest Dupe),-,Target exists
D:\Takeout\Takeout\Google 相簿\親朋好友\IMG_5297.HEIC,SKIP (Dest Dupe),-,Target exists
D:\Takeout\Takeout\Google 相簿\親朋好友\IMG_5196.HEIC,SKIP (Dest Dupe),-,Target exists
D:\Takeout\Takeout\Google 相簿\親朋好友\IMG_5249.HEIC,SKIP (Dest Dupe),-,Target exists
D:\Takeout\Takeout\Google 相簿\親朋好友\IMG_5298.HEIC,SKIP (Dest Dupe),-,Target exists
D:\Takeout\Takeout\Google 相簿\親朋好友\IMG_5175.HEIC,SKIP (Dest Dupe),-,Target exists
D:\Takeout\Takeout\Google 相簿\親朋好友\IMG_5304.HEIC,SKIP (Dest Dupe),-,Target exists
D:\Takeout\Takeout\Google 相簿\親朋好友\IMG_5300.HEIC,SKIP (Dest Dupe),-,Target exists
D:\Takeout\Takeout\Google 相簿\親朋好友\IMG_5310.HEIC,SKIP (Dest Dupe),-,Target exists
D:\Takeout\Takeout\Google 相簿\親朋好友\IMG_5312.HEIC,SKIP (Dest Dupe),-,Target exists
D:\Takeout\Takeout\Google 相簿\親朋好友\IMG_5311.HEIC,SKIP (Dest Dupe),-,Target exists
D:\Takeout\Takeout\Google 相簿\親朋好友\IMG_5317.HEIC,SKIP (Dest Dupe),-,Target exists
D:\Takeout\Takeout\Google 相簿\親朋好友\IMG_5319.HEIC,SKIP (Dest Dupe),-,Target exists
D:\Takeout\Takeout\Google 相簿\親朋好友\IMG_5306.HEIC,SKIP (Dest Dupe),-,Target exists
D:\Takeout\Takeout\Google 相簿\親朋好友\IMG_5299.HEIC,SKIP (Dest Dupe),-,Target exists
D:\Takeout\Takeout\Google 相簿\親朋好友\IMG_5320.HEIC,SKIP (Dest Dupe),-,Target exists
D:\Takeout\Takeout\Google 相簿\親朋好友\IMG_5331.HEIC,SKIP (Dest Dupe),-,Target exists
D:\Takeout\Takeout\Google 相簿\親朋好友\IMG_5083.MOV,SKIP (Dest Dupe),-,Target exists
D:\Takeout\Takeout\Google 相簿\親朋好友\IMG_5316.HEIC,SKIP (Dest Dupe),-,Target exists
D:\Takeout\Takeout\Google 相簿\親朋好友\IMG_5330.HEIC,SKIP (Dest Dupe),-,Target exists
D:\Takeout\Takeout\Google 相簿\親朋好友\IMG_5309.HEIC,SKIP (Dest Dupe),-,Target exists
D:\Takeout\Takeout\Google 相簿\親朋好友\IMG_5333.HEIC,SKIP (Dest Dupe),-,Target exists
D:\Takeout\Takeout\Google 相簿\親朋好友\IMG_5334.HEIC,SKIP (Dest Dupe),-,Target exists
D:\Takeout\Takeout\Google 相簿\親朋好友\IMG_5338.HEIC,SKIP (Dest Dupe),-,Target exists
D:\Takeout\Takeout\Google 相簿\親朋好友\IMG_5332.HEIC,SKIP (Dest Dupe),-,Target exists
D:\Takeout\Takeout\Google 相簿\親朋好友\IMG_5336.HEIC,SKIP (Dest Dupe),-,Target exists
D:\Takeout\Takeout\Google 相簿\親朋好友\IMG_5324.HEIC,SKIP (Dest Dupe),-,Target exists
D:\Takeout\Takeout\Google 相簿\親朋好友\IMG_5414.JPG,SKIP (Dest Dupe),-,Target exists
D:\Takeout\Takeout\Google 相簿\親朋好友\IMG_5459.HEIC,SKIP (Dest Dupe),-,Target exists
D:\Takeout\Takeout\Google 相簿\親朋好友\IMG_5460.HEIC,SKIP (Dest Dupe),-,Target exists
D:\Takeout\Takeout\Google 相簿\親朋好友\IMG_5339.MOV,SKIP (Dest Dupe),-,Target exists
D:\Takeout\Takeout\Google 相簿\親朋好友\IMG_5466.HEIC,SKIP (Dest Dupe),-,Target exists
D:\Takeout\Takeout\Google 相簿\親朋好友\IMG_5337.HEIC,SKIP (Dest Dupe),-,Target exists
D:\Takeout\Takeout\Google 相簿\親朋好友\IMG_5494.HEIC,SKIP (Dest Dupe),-,Target exists
D:\Takeout\Takeout\Google 相簿\親朋好友\IMG_5465.HEIC,SKIP (Dest Dupe),-,Target exists
D:\Takeout\Takeout\Google 相簿\親朋好友\IMG_5464.HEIC,SKIP (Dest Dupe),-,Target exists
D:\Takeout\Takeout\Google 相簿\親朋好友\IMG_5461.HEIC,SKIP (Dest Dupe),-,Target exists
D:\Takeout\Takeout\Google 相簿\親朋好友\IMG_5458.HEIC,SKIP (Dest Dupe),-,Target exists
D:\Takeout\Takeout\Google 相簿\親朋好友\IMG_5088.MOV,SKIP (Dest Dupe),-,Target exists
D:\Takeout\Takeout\Google 相簿\親朋好友\IMG_5463.HEIC,SKIP (Dest Dupe),-,Target exists
D:\Takeout\Takeout\Google 相簿\親朋好友\IMG_5495.HEIC,SKIP (Dest Dupe),-,Target exists
D:\Takeout\Takeout\Google 相簿\親朋好友\IMG_5502.HEIC,SKIP (Dest Dupe),-,Target exists
D:\Takeout\Takeout\Google 相簿\親朋好友\IMG_5457.HEIC,SKIP (Dest Dupe),-,Target exists
D:\Takeout\Takeout\Google 相簿\透過 Chrome 儲存\4B5WSHY.jpg,SKIP (Dest Dupe),-,Target exists
D:\Takeout\Takeout\Google 相簿\親朋好友\IMG_5505.HEIC,SKIP (Dest Dupe),-,Target exists
D:\Takeout\Takeout\Google 相簿\親朋好友\IMG_5500.HEIC,SKIP (Dest Dupe),-,Target exists
D:\Takeout\Takeout\Google 相簿\親朋好友\IMG_5503.HEIC,SKIP (Dest Dupe),-,Target exists
D:\Takeout\Takeout\Google 相簿\親朋好友\IMG_5340.MOV,SKIP (Dest Dupe),-,Target exists
